{
    "name": "root",
    "gauges": {
        "RunnerAgent.Policy.Entropy.mean": {
            "value": -7.595615863800049,
            "min": -7.595615863800049,
            "max": -6.112801551818848,
            "count": 41
        },
        "RunnerAgent.Policy.Entropy.sum": {
            "value": -76449.875,
            "min": -76770.109375,
            "max": -38327.265625,
            "count": 41
        },
        "RunnerAgent.Environment.EpisodeLength.mean": {
            "value": 139.69014084507043,
            "min": 78.98347107438016,
            "max": 194.27777777777777,
            "count": 41
        },
        "RunnerAgent.Environment.EpisodeLength.sum": {
            "value": 9918.0,
            "min": 5291.0,
            "max": 10962.0,
            "count": 41
        },
        "RunnerAgent.Step.mean": {
            "value": 499964.0,
            "min": 99963.0,
            "max": 499964.0,
            "count": 41
        },
        "RunnerAgent.Step.sum": {
            "value": 499964.0,
            "min": 99963.0,
            "max": 499964.0,
            "count": 41
        },
        "RunnerAgent.Policy.ExtrinsicValueEstimate.mean": {
            "value": -50.38328170776367,
            "min": -60.54456329345703,
            "max": -5.588191509246826,
            "count": 41
        },
        "RunnerAgent.Policy.ExtrinsicValueEstimate.sum": {
            "value": -9975.8896484375,
            "min": -11618.857421875,
            "max": -1033.8154296875,
            "count": 41
        },
        "RunnerAgent.Environment.CumulativeReward.mean": {
            "value": -4.166021911715183,
            "min": -6.773617202480091,
            "max": 79.743166828395,
            "count": 41
        },
        "RunnerAgent.Environment.CumulativeReward.sum": {
            "value": -299.9535776434932,
            "min": -541.8893761984073,
            "max": 6281.177300705574,
            "count": 41
        },
        "RunnerAgent.Policy.ExtrinsicReward.mean": {
            "value": -4.166021911715183,
            "min": -6.773617202480091,
            "max": 79.743166828395,
            "count": 41
        },
        "RunnerAgent.Policy.ExtrinsicReward.sum": {
            "value": -299.9535776434932,
            "min": -541.8893761984073,
            "max": 6281.177300705574,
            "count": 41
        },
        "RunnerAgent.Losses.PolicyLoss.mean": {
            "value": 0.3185524368037111,
            "min": 0.31561519405350014,
            "max": 0.34453125445430977,
            "count": 41
        },
        "RunnerAgent.Losses.PolicyLoss.sum": {
            "value": 24.209985197082045,
            "min": 10.091322027682487,
            "max": 27.016750924787047,
            "count": 41
        },
        "RunnerAgent.Losses.ValueLoss.mean": {
            "value": 1618.6870590038543,
            "min": 949.7239643845951,
            "max": 8513.276309416871,
            "count": 41
        },
        "RunnerAgent.Losses.ValueLoss.sum": {
            "value": 123020.21648429293,
            "min": 70279.57336446004,
            "max": 629982.4468968485,
            "count": 41
        },
        "RunnerAgent.Policy.LearningRate.mean": {
            "value": 3.0171279416921054e-06,
            "min": 3.0171279416921054e-06,
            "max": 0.0002414858130531226,
            "count": 41
        },
        "RunnerAgent.Policy.LearningRate.sum": {
            "value": 0.0002293017235686,
            "min": 0.0002293017235686,
            "max": 0.017542064152645802,
            "count": 41
        },
        "RunnerAgent.Policy.Epsilon.mean": {
            "value": 0.10100567631578947,
            "min": 0.10100567631578947,
            "max": 0.1804952645161291,
            "count": 41
        },
        "RunnerAgent.Policy.Epsilon.sum": {
            "value": 7.676431399999999,
            "min": 5.595353200000002,
            "max": 13.2751756,
            "count": 41
        },
        "RunnerAgent.Policy.Beta.mean": {
            "value": 0.0005000000000000001,
            "min": 0.0005,
            "max": 0.0005000000000000001,
            "count": 41
        },
        "RunnerAgent.Policy.Beta.sum": {
            "value": 0.038000000000000006,
            "min": 0.015500000000000003,
            "max": 0.03950000000000001,
            "count": 41
        },
        "RunnerAgent.Losses.PretrainingLoss.mean": {
            "value": 0.006070897726903943,
            "min": 0.006070897726903943,
            "max": 0.02317670214750994,
            "count": 41
        },
        "RunnerAgent.Losses.PretrainingLoss.sum": {
            "value": 0.46138822724469963,
            "min": 0.46138822724469963,
            "max": 1.6528798025596303,
            "count": 41
        },
        "RunnerAgent.IsTraining.mean": {
            "value": 1.0,
            "min": 1.0,
            "max": 1.0,
            "count": 41
        },
        "RunnerAgent.IsTraining.sum": {
            "value": 1.0,
            "min": 1.0,
            "max": 1.0,
            "count": 41
        }
    },
    "metadata": {
        "timer_format_version": "0.1.0",
        "start_time_seconds": "1717740274",
        "python_version": "3.9.13 (tags/v3.9.13:6de2ca5, May 17 2022, 16:36:42) [MSC v.1929 64 bit (AMD64)]",
        "command_line_arguments": "C:\\Users\\usuario\\AppData\\Local\\Programs\\Python\\Python39\\Scripts\\mlagents-learn config/runnerAgentBC.yaml --run-id=AddingPhysics10 --resume",
        "mlagents_version": "0.30.0",
        "mlagents_envs_version": "0.30.0",
        "communication_protocol_version": "1.5.0",
        "pytorch_version": "2.3.0+cpu",
        "numpy_version": "1.21.2",
        "end_time_seconds": "1717751579"
    },
    "total": 11305.7702753,
    "count": 1,
    "self": 0.01190870000027644,
    "children": {
        "run_training.setup": {
            "total": 0.1718465,
            "count": 1,
            "self": 0.1718465
        },
        "TrainerController.start_learning": {
            "total": 11305.5865201,
            "count": 1,
            "self": 1.228406700067353,
            "children": {
                "TrainerController._reset_env": {
                    "total": 25.0812587,
                    "count": 1,
                    "self": 24.0331008,
                    "children": {
                        "demo_to_buffer": {
                            "total": 1.0481578999999996,
                            "count": 1,
                            "self": 6.799999999884676e-05,
                            "children": {
                                "load_demonstration": {
                                    "total": 0.190567699999999,
                                    "count": 1,
                                    "self": 0.04632159999999885,
                                    "children": {
                                        "read_file": {
                                            "total": 0.14424610000000015,
                                            "count": 1,
                                            "self": 0.14424610000000015
                                        }
                                    }
                                },
                                "make_demo_buffer": {
                                    "total": 0.8575222000000018,
                                    "count": 1,
                                    "self": 0.11974040000009367,
                                    "children": {
                                        "steps_from_proto": {
                                            "total": 0.7377817999999081,
                                            "count": 5058,
                                            "self": 0.3017943000002248,