{
    "name": "root",
    "gauges": {
        "MoveToGoal.Policy.Entropy.mean": {
            "value": 1.4730521440505981,
            "min": 1.441936731338501,
            "max": 1.4730521440505981,
            "count": 10
        },
        "MoveToGoal.Policy.Entropy.sum": {
            "value": 73573.0625,
            "min": 72356.296875,
            "max": 73735.890625,
            "count": 10
        },
        "MoveToGoal.Step.mean": {
            "value": 499976.0,
            "min": 49941.0,
            "max": 499976.0,
            "count": 10
        },
        "MoveToGoal.Step.sum": {
            "value": 499976.0,
            "min": 49941.0,
            "max": 499976.0,
            "count": 10
        },
        "MoveToGoal.Policy.ExtrinsicValueEstimate.mean": {
            "value": 112.548095703125,
            "min": 71.9247817993164,
            "max": 112.548095703125,
            "count": 10
        },
        "MoveToGoal.Policy.ExtrinsicValueEstimate.sum": {
            "value": 90601.21875,
            "min": 57395.9765625,
            "max": 90601.21875,
            "count": 10
        },
        "MoveToGoal.Environment.EpisodeLength.mean": {
            "value": 1090.0212765957447,
            "min": 1090.0212765957447,
            "max": 1358.6774193548388,
            "count": 10
        },
        "MoveToGoal.Environment.EpisodeLength.sum": {
            "value": 51231.0,
            "min": 40309.0,
            "max": 63271.0,
            "count": 10
        },
        "MoveToGoal.Environment.CumulativeReward.mean": {
            "value": 1584.7000037051262,
            "min": 1326.512496843934,
            "max": 1702.1809577487763,
            "count": 10
        },
        "MoveToGoal.Environment.CumulativeReward.sum": {
            "value": 74480.90017414093,
            "min": 42448.39989900589,
            "max": 74480.90017414093,
            "count": 10
        },
        "MoveToGoal.Policy.ExtrinsicReward.mean": {
            "value": 1584.7000037051262,
            "min": 1326.512496843934,
            "max": 1702.1809577487763,
            "count": 10
        },
        "MoveToGoal.Policy.ExtrinsicReward.sum": {
            "value": 74480.90017414093,
            "min": 42448.39989900589,
            "max": 74480.90017414093,
            "count": 10
        },
        "MoveToGoal.Losses.PolicyLoss.mean": {
            "value": 0.023039381820708513,
            "min": 0.01976021680980921,
            "max": 0.025370293829279644,
            "count": 10
        },
        "MoveToGoal.Losses.PolicyLoss.sum": {
            "value": 0.11519690910354256,
            "min": 0.08019599485754346,
            "max": 0.12685146914639822,
            "count": 10
        },
        "MoveToGoal.Losses.ValueLoss.mean": {
            "value": 4750.840107421875,
            "min": 3041.8159731315845,
            "max": 4896.88939046224,
            "count": 10
        },
        "MoveToGoal.Losses.ValueLoss.sum": {
            "value": 23754.200537109373,
            "min": 12167.263892526338,
            "max": 24484.4469523112,
            "count": 10
        },
        "MoveToGoal.Policy.LearningRate.mean": {
            "value": 1.4860775046440004e-05,
            "min": 1.4860775046440004e-05,
            "max": 0.0002835555054815,
            "count": 10
        },
        "MoveToGoal.Policy.LearningRate.sum": {
            "value": 7.430387523220003e-05,
            "min": 7.430387523220003e-05,
            "max": 0.0012774354741881995,
            "count": 10
        },
        "MoveToGoal.Policy.Epsilon.mean": {
            "value": 0.10495356000000003,
            "min": 0.10495356000000003,
            "max": 0.19451850000000004,
            "count": 10
        },
        "MoveToGoal.Policy.Epsilon.sum": {
            "value": 0.5247678000000001,
            "min": 0.5247678000000001,
            "max": 0.9258118000000003,
            "count": 10
        },
        "MoveToGoal.Policy.Beta.mean": {
            "value": 0.0002571826440000001,
            "min": 0.0002571826440000001,
            "max": 0.0047264731499999995,
            "count": 10
        },
        "MoveToGoal.Policy.Beta.sum": {
            "value": 0.0012859132200000005,
            "min": 0.0012859132200000005,
            "max": 0.021298008820000002,
            "count": 10
        },
        "MoveToGoal.IsTraining.mean": {
            "value": 1.0,
            "min": 1.0,
            "max": 1.0,
            "count": 10
        },
        "MoveToGoal.IsTraining.sum": {
            "value": 1.0,
            "min": 1.0,
            "max": 1.0,
            "count": 10
        }
    },
    "metadata": {
        "timer_format_version": "0.1.0",
        "start_time_seconds": "1689678723",
        "python_version": "3.9.13 (tags/v3.9.13:6de2ca5, May 17 2022, 16:36:42) [MSC v.1929 64 bit (AMD64)]",
        "command_line_arguments": "C:\\Users\\usuario\\Netcode Tests\\venv\\Scripts\\mlagents-learn results/MoveToGoal1/configuration.yaml --initialize-from=MoveToGoal1 --run-id=MoveToGoal2",
        "mlagents_version": "0.30.0",
        "mlagents_envs_version": "0.30.0",
        "communication_protocol_version": "1.5.0",
        "pytorch_version": "2.0.1+cpu",
        "numpy_version": "1.21.2",
        "end_time_seconds": "1689679193"
    },
    "total": 469.3648281,
    "count": 1,
    "self": 0.018270499999971435,
    "children": {
        "run_training.setup": {
            "total": 0.10363409999999984,
            "count": 1,
            "self": 0.10363409999999984
        },
        "TrainerController.start_learning": {
            "total": 469.2429235,
            "count": 1,
            "self": 0.6771008999988339,
            "children": {
                "TrainerController._reset_env": {
                    "total": 17.0718168,
                    "count": 1,
                    "self": 17.0718168
                },
                "TrainerController.advance": {
                    "total": 451.42363640000116,
                    "count": 19574,
                    "self": 0.5957510000000639,
                    "children": {
                        "env_step": {
                            "total": 311.32439749999975,
                            "count": 19574,
                            "self": 288.39099629999805,
                            "children": {
                                "SubprocessEnvManager._take_step": {
                                    "total": 22.441916999999393,
                                    "count": 19574,
                                    "self": 1.9041286999962956,
                                    "children": {
                                        "TorchPolicy.evaluate": {
                                            "total": 20.537788300003097,
                                            "count": 19263,
                                            "self": 20.537788300003097
                                        }
                                    }
                                },
                                "workers": {
                                    "total": 0.49148420000228654,
                                    "count": 19574,
                                    "self": 0.0,
                                    "children": {
                                        "worker_root": {
                                            "total": 451.1303225000017,
                                            "count": 19574,
                                            "is_parallel": true,
                                            "self": 207.56385130000206,
                                            "children": {
                                                "steps_from_proto": {
                                                    "total": 0.0006176999999993882,
                                                    "count": 1,
                                                    "is_parallel": true,