{
    "name": "root",
    "gauges": {
        "RunnerAgent.Policy.Entropy.mean": {
            "value": -4.654849529266357,
            "min": -4.654849529266357,
            "max": -0.1818101704120636,
            "count": 5
        },
        "RunnerAgent.Policy.Entropy.sum": {
            "value": -46543.83984375,
            "min": -46543.83984375,
            "max": -1893.91650390625,
            "count": 5
        },
        "RunnerAgent.Environment.EpisodeLength.mean": {
            "value": 146.55555555555554,
            "min": 119.5,
            "max": 396.54545454545456,
            "count": 5
        },
        "RunnerAgent.Environment.EpisodeLength.sum": {
            "value": 2638.0,
            "min": 2266.0,
            "max": 4835.0,
            "count": 5
        },
        "RunnerAgent.Step.mean": {
            "value": 49938.0,
            "min": 9985.0,
            "max": 49938.0,
            "count": 5
        },
        "RunnerAgent.Step.sum": {
            "value": 49938.0,
            "min": 9985.0,
            "max": 49938.0,
            "count": 5
        },
        "RunnerAgent.Policy.ExtrinsicValueEstimate.mean": {
            "value": -5.38585901260376,
            "min": -5.38585901260376,
            "max": 58.991127014160156,
            "count": 5
        },
        "RunnerAgent.Policy.ExtrinsicValueEstimate.sum": {
            "value": -888.666748046875,
            "min": -888.666748046875,
            "max": 10382.4384765625,
            "count": 5
        },
        "RunnerAgent.Environment.CumulativeReward.mean": {
            "value": 59.918662809663346,
            "min": -12.150213623046875,
            "max": 95.20399131693624,
            "count": 5
        },
        "RunnerAgent.Environment.CumulativeReward.sum": {
            "value": 1078.5359305739403,
            "min": -121.50213623046875,
            "max": 1553.9043685495853,
            "count": 5
        },
        "RunnerAgent.Policy.ExtrinsicReward.mean": {
            "value": 59.918662809663346,
            "min": -12.150213623046875,
            "max": 95.20399131693624,
            "count": 5
        },
        "RunnerAgent.Policy.ExtrinsicReward.sum": {
            "value": 1078.5359305739403,
            "min": -121.50213623046875,
            "max": 1553.9043685495853,
            "count": 5
        },
        "RunnerAgent.Losses.PolicyLoss.mean": {
            "value": 0.31142767966948687,
            "min": 0.25765792684375677,
            "max": 0.33363650409914747,
            "count": 5
        },
        "RunnerAgent.Losses.PolicyLoss.sum": {
            "value": 20.554226858186134,
            "min": 15.717133537469163,
            "max": 23.020918782841175,
            "count": 5
        },
        "RunnerAgent.Losses.ValueLoss.mean": {
            "value": 5983.745386214221,
            "min": 4763.443104320939,
            "max": 13545.003541567054,
            "count": 5
        },
        "RunnerAgent.Losses.ValueLoss.sum": {
            "value": 394927.1954901386,
            "min": 328677.5741981448,
            "max": 893970.2337434256,
            "count": 5
        },
        "RunnerAgent.Policy.LearningRate.mean": {
            "value": 0.00027305763625351813,
            "min": 0.00027305763625351813,
            "max": 0.0002967979191001476,
            "count": 5
        },
        "RunnerAgent.Policy.LearningRate.sum": {
            "value": 0.018021803992732198,
            "min": 0.018021803992732198,
            "max": 0.0202364907545032,
            "count": 5
        },
        "RunnerAgent.Policy.Epsilon.mean": {
            "value": 0.19101920909090914,
            "min": 0.19101920909090914,
            "max": 0.1989326393442623,
            "count": 5
        },
        "RunnerAgent.Policy.Epsilon.sum": {
            "value": 12.607267800000002,
            "min": 12.134891000000001,
            "max": 13.8454968,
            "count": 5
        },
        "RunnerAgent.Policy.Beta.mean": {
            "value": 0.0005,
            "min": 0.0005,
            "max": 0.0005,
            "count": 5
        },
        "RunnerAgent.Policy.Beta.sum": {
            "value": 0.033,
            "min": 0.030500000000000003,
            "max": 0.035500000000000004,
            "count": 5
        },
        "RunnerAgent.Losses.PretrainingLoss.mean": {
            "value": 0.042717496363991685,
            "min": 0.042717496363991685,
            "max": 0.2215550914642706,
            "count": 5
        },
        "RunnerAgent.Losses.PretrainingLoss.sum": {
            "value": 2.819354760023451,
            "min": 2.819354760023451,
            "max": 13.514860579320507,
            "count": 5
        },
        "RunnerAgent.IsTraining.mean": {
            "value": 1.0,
            "min": 1.0,
            "max": 1.0,
            "count": 5
        },
        "RunnerAgent.IsTraining.sum": {
            "value": 1.0,
            "min": 1.0,
            "max": 1.0,
            "count": 5
        }
    },
    "metadata": {
        "timer_format_version": "0.1.0",
        "start_time_seconds": "1717660873",
        "python_version": "3.9.13 (tags/v3.9.13:6de2ca5, May 17 2022, 16:36:42) [MSC v.1929 64 bit (AMD64)]",
        "command_line_arguments": "C:\\Users\\usuario\\AppData\\Local\\Programs\\Python\\Python39\\Scripts\\mlagents-learn config/runnerAgentBC.yaml --run-id=AddingPhysics4",
        "mlagents_version": "0.30.0",
        "mlagents_envs_version": "0.30.0",
        "communication_protocol_version": "1.5.0",
        "pytorch_version": "2.3.0+cpu",
        "numpy_version": "1.21.2",
        "end_time_seconds": "1717662037"
    },
    "total": 1164.8672585000002,
    "count": 1,
    "self": 0.012940800000251329,
    "children": {
        "run_training.setup": {
            "total": 0.11599789999999999,
            "count": 1,
            "self": 0.11599789999999999
        },
        "TrainerController.start_learning": {
            "total": 1164.7383198,
            "count": 1,
            "self": 0.14719100000252183,
            "children": {
                "TrainerController._reset_env": {
                    "total": 10.0642632,
                    "count": 1,
                    "self": 9.310345799999999,
                    "children": {
                        "demo_to_buffer": {
                            "total": 0.7539174000000006,
                            "count": 1,
                            "self": 6.270000000085929e-05,
                            "children": {
                                "load_demonstration": {
                                    "total": 0.013912200000000041,
                                    "count": 1,
                                    "self": 0.013543699999999603,
                                    "children": {
                                        "read_file": {
                                            "total": 0.0003685000000004379,
                                            "count": 1,
                                            "self": 0.0003685000000004379
                                        }
                                    }
                                },
                                "make_demo_buffer": {
                                    "total": 0.7399424999999997,
                                    "count": 1,
                                    "self": 0.10464120000002808,
                                    "children": {
                                        "steps_from_proto": {
                                            "total": 0.6353012999999716,
                                            "count": 3902,
                                            "self": 0.26030309999971024,
                                            "children": {
                                                "_process_rank_one_or_two_observation": {
                                                    "total": 0.3749982000002614,