{
    "name": "root",
    "gauges": {
        "RunnerAgent.Policy.Entropy.mean": {
            "value": 0.9541940093040466,
            "min": 0.9541940093040466,
            "max": 1.2551257610321045,
            "count": 500
        },
        "RunnerAgent.Policy.Entropy.sum": {
            "value": 1784.3427734375,
            "min": 1556.3067626953125,
            "max": 3504.49072265625,
            "count": 500
        },
        "RunnerAgent.Environment.EpisodeLength.mean": {
            "value": 195.75,
            "min": 74.16666666666667,
            "max": 1664.0,
            "count": 498
        },
        "RunnerAgent.Environment.EpisodeLength.sum": {
            "value": 783.0,
            "min": 83.0,
            "max": 13312.0,
            "count": 498
        },
        "RunnerAgent.Step.mean": {
            "value": 999951.0,
            "min": 1984.0,
            "max": 999951.0,
            "count": 500
        },
        "RunnerAgent.Step.sum": {
            "value": 999951.0,
            "min": 1984.0,
            "max": 999951.0,
            "count": 500
        },
        "RunnerAgent.Policy.ExtrinsicValueEstimate.mean": {
            "value": -30.661251068115234,
            "min": -255.06837463378906,
            "max": 215.21849060058594,
            "count": 500
        },
        "RunnerAgent.Policy.ExtrinsicValueEstimate.sum": {
            "value": -551.9025268554688,
            "min": -5611.50439453125,
            "max": 3658.71435546875,
            "count": 500
        },
        "RunnerAgent.Policy.GailValueEstimate.mean": {
            "value": 15.38828182220459,
            "min": 13.419431686401367,
            "max": 30.14650535583496,
            "count": 500
        },
        "RunnerAgent.Policy.GailValueEstimate.sum": {
            "value": 276.98907470703125,
            "min": 218.86697387695312,
            "max": 602.9301147460938,
            "count": 500
        },
        "RunnerAgent.Environment.CumulativeReward.mean": {
            "value": -52.985538482666016,
            "min": -60.76318025588989,
            "max": 2023.8520622253418,
            "count": 498
        },
        "RunnerAgent.Environment.CumulativeReward.sum": {
            "value": -211.94215393066406,
            "min": -687.6057510375977,
            "max": 8095.408248901367,
            "count": 498
        },
        "RunnerAgent.Policy.ExtrinsicReward.mean": {
            "value": -52.985538482666016,
            "min": -60.76318025588989,
            "max": 2023.8520622253418,
            "count": 498
        },
        "RunnerAgent.Policy.ExtrinsicReward.sum": {
            "value": -211.94215393066406,
            "min": -687.6057510375977,
            "max": 8095.408248901367,
            "count": 498
        },
        "RunnerAgent.Policy.GailReward.mean": {
            "value": 14.2809355892241,
            "min": 6.22226357460022,
            "max": 427.85324239730835,
            "count": 498
        },
        "RunnerAgent.Policy.GailReward.sum": {
            "value": 57.1237423568964,
            "min": 9.781911849975586,
            "max": 2028.0077390670776,
            "count": 498
        },
        "RunnerAgent.IsTraining.mean": {
            "value": 1.0,
            "min": 1.0,
            "max": 1.0,
            "count": 500
        },
        "RunnerAgent.IsTraining.sum": {
            "value": 1.0,
            "min": 1.0,
            "max": 1.0,
            "count": 500
        },
        "RunnerAgent.Losses.PolicyLoss.mean": {
            "value": 0.034379624274151865,
            "min": 0.023472686763852835,
            "max": 0.04232160455285339,
            "count": 240
        },
        "RunnerAgent.Losses.PolicyLoss.sum": {
            "value": 0.034379624274151865,
            "min": 0.023472686763852835,
            "max": 0.04232160455285339,
            "count": 240
        },
        "RunnerAgent.Losses.ValueLoss.mean": {
            "value": 12068.899963378906,
            "min": 4990.521560668945,
            "max": 30652.029235839844,
            "count": 240
        },
        "RunnerAgent.Losses.ValueLoss.sum": {
            "value": 12068.899963378906,
            "min": 4990.521560668945,
            "max": 30652.029235839844,
            "count": 240
        },
        "RunnerAgent.Policy.LearningRate.mean": {
            "value": 5.118998293999956e-07,
            "min": 5.118998293999956e-07,
            "max": 0.0002987643004119,
            "count": 240
        },
        "RunnerAgent.Policy.LearningRate.sum": {
            "value": 5.118998293999956e-07,
            "min": 5.118998293999956e-07,
            "max": 0.0002987643004119,
            "count": 240
        },
        "RunnerAgent.Policy.Epsilon.mean": {
            "value": 0.1001706,
            "min": 0.1001706,
            "max": 0.1995881,
            "count": 240
        },
        "RunnerAgent.Policy.Epsilon.sum": {
            "value": 0.1001706,
            "min": 0.1001706,
            "max": 0.1995881,
            "count": 240
        },
        "RunnerAgent.Policy.Beta.mean": {
            "value": 0.01,
            "min": 0.01,
            "max": 0.01,
            "count": 240
        },
        "RunnerAgent.Policy.Beta.sum": {
            "value": 0.01,
            "min": 0.01,
            "max": 0.01,
            "count": 240
        },
        "RunnerAgent.Policy.GAILPolicyEstimate.mean": {
            "value": 0.23533963575027883,
            "min": 0.19157047825865448,
            "max": 0.42398205399513245,
            "count": 240
        },
        "RunnerAgent.Policy.GAILPolicyEstimate.sum": {
            "value": 0.23533963575027883,
            "min": 0.19157047825865448,
            "max": 0.42398205399513245,
            "count": 240
        },
        "RunnerAgent.Policy.GAILExpertEstimate.mean": {
            "value": 0.7578010680153966,
            "min": 0.605604694224894,
            "max": 0.7758971732109785,
            "count": 240
        },
        "RunnerAgent.Policy.GAILExpertEstimate.sum": {
            "value": 0.7578010680153966,
            "min": 0.605604694224894,
            "max": 0.7758971732109785,
            "count": 240
        },
        "RunnerAgent.Losses.GAILLoss.mean": {
            "value": 0.6510375188663602,
            "min": 0.5606980291195214,
            "max": 1.1625890396535397,
            "count": 240
        },
        "RunnerAgent.Losses.GAILLoss.sum": {
            "value": 0.6510375188663602,
            "min": 0.5606980291195214,
            "max": 1.1625890396535397,
            "count": 240
        },
        "RunnerAgent.Policy.GAILGradMagLoss.mean": {
            "value": 0.03082955948775634,
            "min": 0.014281503317761235,
            "max": 0.04954582720529288,
            "count": 240
        },
        "RunnerAgent.Policy.GAILGradMagLoss.sum": {
            "value": 0.03082955948775634,
            "min": 0.014281503317761235,
            "max": 0.04954582720529288,
            "count": 240
        },
        "RunnerAgent.Losses.PretrainingLoss.mean": {
            "value": 0.4627736086646716,
            "min": 0.4627736086646716,
            "max": 0.8233338544766108,
            "count": 240
        },
        "RunnerAgent.Losses.PretrainingLoss.sum": {
            "value": 0.4627736086646716,
            "min": 0.4627736086646716,
            "max": 0.8233338544766108,
            "count": 240
        }
    },
    "metadata": {
        "timer_format_version": "0.1.0",
        "start_time_seconds": "1718020498",
        "python_version": "3.9.13 (tags/v3.9.13:6de2ca5, May 17 2022, 16:36:42) [MSC v.1929 64 bit (AMD64)]",
        "command_line_arguments": "C:\\Users\\usuario\\AppData\\Local\\Programs\\Python\\Python39\\Scripts\\mlagents-learn config/runnerAgentBCGail.yaml --initialize-from=HyperparameterTuning --run-id=HyperparameterTuning3",
        "mlagents_version": "0.30.0",
        "mlagents_envs_version": "0.30.0",