{
    "name": "root",
    "metadata": {
        "timer_format_version": "0.1.0",
        "start_time_seconds": "1717585123",
        "python_version": "3.9.13 (tags/v3.9.13:6de2ca5, May 17 2022, 16:36:42) [MSC v.1929 64 bit (AMD64)]",
        "command_line_arguments": "C:\\Users\\usuario\\AppData\\Local\\Programs\\Python\\Python39\\Scripts\\mlagents-learn config/runnerAgentBC.yaml --run-id=AddingPhysics",
        "mlagents_version": "0.30.0",
        "mlagents_envs_version": "0.30.0",
        "communication_protocol_version": "1.5.0",
        "pytorch_version": "2.3.0+cpu",
        "numpy_version": "1.21.2",
        "end_time_seconds": "1717585237"
    },
    "total": 114.10398789999999,
    "count": 1,
    "self": 0.006867400000004409,
    "children": {
        "run_training.setup": {
            "total": 0.13084950000000006,
            "count": 1,
            "self": 0.13084950000000006
        },
        "TrainerController.start_learning": {
            "total": 113.96627099999999,
            "count": 1,
            "self": 0.012630800000010822,
            "children": {
                "TrainerController._reset_env": {
                    "total": 10.80997,
                    "count": 1,
                    "self": 10.142848,
                    "children": {
                        "demo_to_buffer": {
                            "total": 0.6671219999999991,
                            "count": 1,
                            "self": 5.1699999998433555e-05,
                            "children": {
                                "load_demonstration": {
                                    "total": 0.014363400000000581,
                                    "count": 1,
                                    "self": 0.014136000000000593,
                                    "children": {
                                        "read_file": {
                                            "total": 0.00022739999999998872,
                                            "count": 1,
                                            "self": 0.00022739999999998872
                                        }
                                    }
                                },
                                "make_demo_buffer": {
                                    "total": 0.6527069000000001,
                                    "count": 1,
                                    "self": 0.0909604000000197,
                                    "children": {
                                        "steps_from_proto": {
                                            "total": 0.5617464999999804,
                                            "count": 3338,
                                            "self": 0.23062100000013785,
                                            "children": {
                                                "_process_rank_one_or_two_observation": {
                                                    "total": 0.33112549999984253,
                                                    "count": 20028,
                                                    "self": 0.33112549999984253
                                                }
                                            }
                                        }
                                    }
                                }
                            }
                        }
                    }
                },
                "TrainerController.advance": {
                    "total": 102.98522509999998,
                    "count": 514,
                    "self": 0.011728399999910266,
                    "children": {
                        "env_step": {
                            "total": 70.45242590000002,
                            "count": 514,
                            "self": 69.91100849999978,
                            "children": {
                                "SubprocessEnvManager._take_step": {
                                    "total": 0.5334194000001489,
                                    "count": 514,
                                    "self": 0.0392574000001531,
                                    "children": {
                                        "TorchPolicy.evaluate": {
                                            "total": 0.49416199999999577,
                                            "count": 514,
                                            "self": 0.49416199999999577
                                        }
                                    }
                                },
                                "workers": {
                                    "total": 0.00799800000008588,
                                    "count": 513,
                                    "self": 0.0,
                                    "children": {
                                        "worker_root": {
                                            "total": 42.114060199999976,
                                            "count": 513,
                                            "is_parallel": true,
                                            "self": 35.69095330000003,
                                            "children": {
                                                "steps_from_proto": {
                                                    "total": 0.0005407000000001716,
                                                    "count": 1,
                                                    "is_parallel": true,
                                                    "self": 0.00011960000000144078,
                                                    "children": {
                                                        "_process_rank_one_or_two_observation": {
                                                            "total": 0.0004210999999987308,
                                                            "count": 6,
                                                            "is_parallel": true,
                                                            "self": 0.0004210999999987308
                                                        }
                                                    }
                                                },
                                                "UnityEnvironment.step": {
                                                    "total": 6.422566199999945,
                                                    "count": 513,
                                                    "is_parallel": true,
                                                    "self": 0.1184802999998471,
                                                    "children": {
                                                        "UnityEnvironment._generate_step_input": {
                                                            "total": 0.11870530000003932,
                                                            "count": 513,
                                                            "is_parallel": true,
                                                            "self": 0.11870530000003932
                                                        },
                                                        "communicator.exchange": {
                                                            "total": 5.8607279999999875,
                                                            "count": 513,
                                                            "is_parallel": true,
                                                            "self": 5.8607279999999875
                                                        },
                                                        "steps_from_proto": {
                                                            "total": 0.32465260000007135,
                                                            "count": 513,
                                                            "is_parallel": true,