{
    "name": "root",
    "metadata": {
        "timer_format_version": "0.1.0",
        "start_time_seconds": "1689767961",
        "python_version": "3.9.13 (tags/v3.9.13:6de2ca5, May 17 2022, 16:36:42) [MSC v.1929 64 bit (AMD64)]",
        "command_line_arguments": "C:\\Users\\usuario\\Netcode Tests\\venv\\Scripts\\mlagents-learn results/configuration.yaml --run-id=Try0 --resume",
        "mlagents_version": "0.30.0",
        "mlagents_envs_version": "0.30.0",
        "communication_protocol_version": "1.5.0",
        "pytorch_version": "2.0.1+cpu",
        "numpy_version": "1.21.2",
        "end_time_seconds": "1689768231"
    },
    "total": 269.4589188,
    "count": 1,
    "self": 0.011165799999957926,
    "children": {
        "run_training.setup": {
            "total": 0.11809889999999967,
            "count": 1,
            "self": 0.11809889999999967
        },
        "TrainerController.start_learning": {
            "total": 269.3296541,
            "count": 1,
            "self": 1.461393700002077,
            "children": {
                "TrainerController._reset_env": {
                    "total": 7.216759,
                    "count": 1,
                    "self": 7.216759
                },
                "TrainerController.advance": {
                    "total": 259.8863450999979,
                    "count": 9674,
                    "self": 0.20129039999903853,
                    "children": {
                        "env_step": {
                            "total": 259.6850546999989,
                            "count": 9674,
                            "self": 203.69522109999963,
                            "children": {
                                "SubprocessEnvManager._take_step": {
                                    "total": 55.7635101999996,
                                    "count": 9674,
                                    "self": 1.35241439999713,
                                    "children": {
                                        "TorchPolicy.evaluate": {
                                            "total": 54.41109580000247,
                                            "count": 9674,
                                            "self": 54.41109580000247
                                        }
                                    }
                                },
                                "workers": {
                                    "total": 0.226323399999675,
                                    "count": 9673,
                                    "self": 0.0,
                                    "children": {
                                        "worker_root": {
                                            "total": 259.5076793,
                                            "count": 9673,
                                            "is_parallel": true,
                                            "self": 140.62781999999982,
                                            "children": {
                                                "steps_from_proto": {
                                                    "total": 0.0018380000000002283,
                                                    "count": 1,
                                                    "is_parallel": true,
                                                    "self": 0.00029410000000051895,
                                                    "children": {
                                                        "_process_rank_one_or_two_observation": {
                                                            "total": 0.0015438999999997094,
                                                            "count": 6,
                                                            "is_parallel": true,
                                                            "self": 0.0015438999999997094
                                                        }
                                                    }
                                                },
                                                "UnityEnvironment.step": {
                                                    "total": 118.87802130000017,
                                                    "count": 9673,
                                                    "is_parallel": true,
                                                    "self": 6.963254399998021,
                                                    "children": {
                                                        "UnityEnvironment._generate_step_input": {
                                                            "total": 7.7723198999997525,
                                                            "count": 9673,
                                                            "is_parallel": true,
                                                            "self": 7.7723198999997525
                                                        },
                                                        "communicator.exchange": {
                                                            "total": 88.0798879000015,
                                                            "count": 9673,
                                                            "is_parallel": true,
                                                            "self": 88.0798879000015
                                                        },
                                                        "steps_from_proto": {
                                                            "total": 16.062559100000897,
                                                            "count": 9673,
                                                            "is_parallel": true,
                                                            "self": 2.5696466000025247,
                                                            "children": {
                                                                "_process_rank_one_or_two_observation": {
                                                                    "total": 13.492912499998372,
                                                                    "count": 58038,
                                                                    "is_parallel": true,
                                                                    "self": 13.492912499998372
                                                                }
                                                            }
                                                        }
                                                    }
                                                }
                                            }
                                        }
                                    }
                                }
                            }
                        }
                    }
                },
                "TrainerController._save_models": {
                    "total": 0.765156300000001,
                    "count": 1,
                    "self": 0.012092799999948056,
                    "children": {
                        "RLTrainer._checkpoint": {
                            "total": 0.753063500000053,
                            "count": 1,
                            "self": 0.753063500000053
                        }
                    }
                }
            }
        }
    }
}