{
    "name": "root",
    "metadata": {
        "timer_format_version": "0.1.0",
        "start_time_seconds": "1695728268",
        "python_version": "3.9.13 (tags/v3.9.13:6de2ca5, May 17 2022, 16:36:42) [MSC v.1929 64 bit (AMD64)]",
        "command_line_arguments": "C:\\Users\\usuario\\Netcode Tests\\venv\\Scripts\\mlagents-learn results/V2/configuration.yaml --initialize-from=V2 --run-id=V3 --force",
        "mlagents_version": "0.30.0",
        "mlagents_envs_version": "0.30.0",
        "communication_protocol_version": "1.5.0",
        "pytorch_version": "2.0.1+cpu",
        "numpy_version": "1.21.2",
        "end_time_seconds": "1695728313"
    },
    "total": 45.653302700000005,
    "count": 1,
    "self": 0.007077100000003611,
    "children": {
        "run_training.setup": {
            "total": 0.10585570000000022,
            "count": 1,
            "self": 0.10585570000000022
        },
        "TrainerController.start_learning": {
            "total": 45.5403699,
            "count": 1,
            "self": 0.03597309999999965,
            "children": {
                "TrainerController._reset_env": {
                    "total": 10.9842283,
                    "count": 1,
                    "self": 10.9842283
                },
                "TrainerController.advance": {
                    "total": 34.31663940000001,
                    "count": 529,
                    "self": 0.010796499999990772,
                    "children": {
                        "env_step": {
                            "total": 34.305842900000016,
                            "count": 529,
                            "self": 32.125487800000016,
                            "children": {
                                "SubprocessEnvManager._take_step": {
                                    "total": 2.1695359999999813,
                                    "count": 529,
                                    "self": 0.053330899999995296,
                                    "children": {
                                        "TorchPolicy.evaluate": {
                                            "total": 2.116205099999986,
                                            "count": 426,
                                            "self": 2.116205099999986
                                        }
                                    }
                                },
                                "workers": {
                                    "total": 0.010819100000018622,
                                    "count": 528,
                                    "self": 0.0,
                                    "children": {
                                        "worker_root": {
                                            "total": 15.59867109999998,
                                            "count": 528,
                                            "is_parallel": true,
                                            "self": 4.66357419999998,
                                            "children": {
                                                "steps_from_proto": {
                                                    "total": 0.0012313999999999936,
                                                    "count": 1,
                                                    "is_parallel": true,
                                                    "self": 0.0003220000000005996,
                                                    "children": {
                                                        "_process_rank_one_or_two_observation": {
                                                            "total": 0.000909399999999394,
                                                            "count": 4,
                                                            "is_parallel": true,
                                                            "self": 0.000909399999999394
                                                        }
                                                    }
                                                },
                                                "UnityEnvironment.step": {
                                                    "total": 10.9338655,
                                                    "count": 528,
                                                    "is_parallel": true,
                                                    "self": 0.2445938000000769,
                                                    "children": {
                                                        "UnityEnvironment._generate_step_input": {
                                                            "total": 0.3426019999999763,
                                                            "count": 528,
                                                            "is_parallel": true,
                                                            "self": 0.3426019999999763
                                                        },
                                                        "communicator.exchange": {
                                                            "total": 9.772225999999973,
                                                            "count": 528,
                                                            "is_parallel": true,
                                                            "self": 9.772225999999973
                                                        },
                                                        "steps_from_proto": {
                                                            "total": 0.5744436999999731,
                                                            "count": 528,
                                                            "is_parallel": true,
                                                            "self": 0.12104129999995195,
                                                            "children": {
                                                                "_process_rank_one_or_two_observation": {
                                                                    "total": 0.4534024000000212,
                                                                    "count": 2112,
                                                                    "is_parallel": true,
                                                                    "self": 0.4534024000000212
                                                                }
                                                            }
                                                        }
                                                    }
                                                }
                                            }
                                        }
                                    }
                                }
                            }
                        }
                    }
                },
                "trainer_threads": {
                    "total": 7.369999999440324e-05,
                    "count": 1,
                    "self": 7.369999999440324e-05,
                    "children": {
                        "thread_root": {
                            "total": 0.0,
                            "count": 0,
                            "is_parallel": true,
                            "self": 0.0,
                            "children": {
                                "trainer_advance": {
                                    "total": 34.26955500000004,
                                    "count": 2192,
                                    "is_parallel": true,
                                    "self": 0.2893263999998439,
                                    "children": {
                                        "process_trajectory": {
                                            "total": 30.897494200000196,
                                            "count": 2192,