{
    "name": "root",
    "gauges": {
        "RunnerAgent.Policy.Entropy.mean": {
            "value": 0.029010679572820663,
            "min": 0.029010679572820663,
            "max": 0.414307564496994,
            "count": 500
        },
        "RunnerAgent.Policy.Entropy.sum": {
            "value": 60.951438903808594,
            "min": 57.163841247558594,
            "max": 1166.6900634765625,
            "count": 500
        },
        "RunnerAgent.Environment.EpisodeLength.mean": {
            "value": 966.0,
            "min": 98.33333333333333,
            "max": 3443.0,
            "count": 476
        },
        "RunnerAgent.Environment.EpisodeLength.sum": {
            "value": 1932.0,
            "min": 113.0,
            "max": 17215.0,
            "count": 476
        },
        "RunnerAgent.Step.mean": {
            "value": 999892.0,
            "min": 1906.0,
            "max": 999892.0,
            "count": 500
        },
        "RunnerAgent.Step.sum": {
            "value": 999892.0,
            "min": 1906.0,
            "max": 999892.0,
            "count": 500
        },
        "RunnerAgent.Policy.ExtrinsicValueEstimate.mean": {
            "value": 135.7742156982422,
            "min": -223.68801879882812,
            "max": 362.52130126953125,
            "count": 500
        },
        "RunnerAgent.Policy.ExtrinsicValueEstimate.sum": {
            "value": 2172.387451171875,
            "min": -4114.40673828125,
            "max": 7250.42626953125,
            "count": 500
        },
        "RunnerAgent.Policy.GailValueEstimate.mean": {
            "value": 17.47804069519043,
            "min": 10.964945793151855,
            "max": 26.536954879760742,
            "count": 500
        },
        "RunnerAgent.Policy.GailValueEstimate.sum": {
            "value": 279.6486511230469,
            "min": 197.3690185546875,
            "max": 429.7762451171875,
            "count": 500
        },
        "RunnerAgent.Environment.CumulativeReward.mean": {
            "value": -737.8504180908203,
            "min": -2013.3525390625,
            "max": 4286.980010986328,
            "count": 474
        },
        "RunnerAgent.Environment.CumulativeReward.sum": {
            "value": -1475.7008361816406,
            "min": -10018.916442871094,
            "max": 15204.307601928711,
            "count": 474
        },
        "RunnerAgent.Policy.ExtrinsicReward.mean": {
            "value": -737.8504180908203,
            "min": -2013.3525390625,
            "max": 4286.980010986328,
            "count": 474
        },
        "RunnerAgent.Policy.ExtrinsicReward.sum": {
            "value": -1475.7008361816406,
            "min": -10018.916442871094,
            "max": 15204.307601928711,
            "count": 474
        },
        "RunnerAgent.Policy.GailReward.mean": {
            "value": 153.53223419189453,
            "min": 29.34682019551595,
            "max": 395.3857192993164,
            "count": 474
        },
        "RunnerAgent.Policy.GailReward.sum": {
            "value": 307.06446838378906,
            "min": 30.561798095703125,
            "max": 1588.3710508346558,
            "count": 474
        },
        "RunnerAgent.IsTraining.mean": {
            "value": 1.0,
            "min": 1.0,
            "max": 1.0,
            "count": 500
        },
        "RunnerAgent.IsTraining.sum": {
            "value": 1.0,
            "min": 1.0,
            "max": 1.0,
            "count": 500
        },
        "RunnerAgent.Losses.PolicyLoss.mean": {
            "value": 0.032996626399835804,
            "min": 0.023817318193323445,
            "max": 0.042753507321322104,
            "count": 240
        },
        "RunnerAgent.Losses.PolicyLoss.sum": {
            "value": 0.032996626399835804,
            "min": 0.023817318193323445,
            "max": 0.042753507321322104,
            "count": 240
        },
        "RunnerAgent.Losses.ValueLoss.mean": {
            "value": 32329.869171142578,
            "min": 7425.015922546387,
            "max": 116655.85876464844,
            "count": 240
        },
        "RunnerAgent.Losses.ValueLoss.sum": {
            "value": 32329.869171142578,
            "min": 7425.015922546387,
            "max": 116655.85876464844,
            "count": 240
        },
        "RunnerAgent.Policy.LearningRate.mean": {
            "value": 1.860999379999862e-07,
            "min": 1.860999379999862e-07,
            "max": 0.00029873700042099997,
            "count": 240
        },
        "RunnerAgent.Policy.LearningRate.sum": {
            "value": 1.860999379999862e-07,
            "min": 1.860999379999862e-07,
            "max": 0.00029873700042099997,
            "count": 240
        },
        "RunnerAgent.Policy.Epsilon.mean": {
            "value": 0.100062,
            "min": 0.100062,
            "max": 0.19957899999999998,
            "count": 240
        },
        "RunnerAgent.Policy.Epsilon.sum": {
            "value": 0.100062,
            "min": 0.100062,
            "max": 0.19957899999999998,
            "count": 240
        },
        "RunnerAgent.Policy.Beta.mean": {
            "value": 0.01,
            "min": 0.01,
            "max": 0.01,
            "count": 240
        },
        "RunnerAgent.Policy.Beta.sum": {
            "value": 0.01,
            "min": 0.01,
            "max": 0.01,
            "count": 240
        },
        "RunnerAgent.Policy.GAILPolicyEstimate.mean": {
            "value": 0.25050932518206537,
            "min": 0.1897709018085152,
            "max": 0.30477442406117916,
            "count": 240
        },
        "RunnerAgent.Policy.GAILPolicyEstimate.sum": {
            "value": 0.25050932518206537,
            "min": 0.1897709018085152,
            "max": 0.30477442406117916,
            "count": 240
        },
        "RunnerAgent.Policy.GAILExpertEstimate.mean": {
            "value": 0.7659990498796105,
            "min": 0.7152746552601457,
            "max": 0.8144178930670023,
            "count": 240
        },
        "RunnerAgent.Policy.GAILExpertEstimate.sum": {
            "value": 0.7659990498796105,
            "min": 0.7152746552601457,
            "max": 0.8144178930670023,
            "count": 240
        },
        "RunnerAgent.Losses.GAILLoss.mean": {
            "value": 0.6510788006708026,
            "min": 0.49368331395089626,
            "max": 0.8441395806148648,
            "count": 240
        },
        "RunnerAgent.Losses.GAILLoss.sum": {
            "value": 0.6510788006708026,
            "min": 0.49368331395089626,
            "max": 0.8441395806148648,
            "count": 240
        },
        "RunnerAgent.Policy.GAILGradMagLoss.mean": {
            "value": 0.04282129096100107,
            "min": 0.03330148829263635,
            "max": 0.05852002039318904,
            "count": 240
        },
        "RunnerAgent.Policy.GAILGradMagLoss.sum": {
            "value": 0.04282129096100107,
            "min": 0.03330148829263635,
            "max": 0.05852002039318904,
            "count": 240
        },
        "RunnerAgent.Losses.PretrainingLoss.mean": {
            "value": 0.12358792445489339,
            "min": 0.12358792445489339,
            "max": 0.20401221868537722,
            "count": 240
        },
        "RunnerAgent.Losses.PretrainingLoss.sum": {
            "value": 0.12358792445489339,
            "min": 0.12358792445489339,
            "max": 0.20401221868537722,
            "count": 240
        }
    },
    "metadata": {
        "timer_format_version": "0.1.0",
        "start_time_seconds": "1718103266",
        "python_version": "3.9.13 (tags/v3.9.13:6de2ca5, May 17 2022, 16:36:42) [MSC v.1929 64 bit (AMD64)]",
        "command_line_arguments": "C:\\Users\\usuario\\AppData\\Local\\Programs\\Python\\Python39\\Scripts\\mlagents-learn config/runnerAgentBCGail.yaml --initialize-from=FullMapActive2 --run-id=FullMapActive3",
        "mlagents_version": "0.30.0",