{
    "name": "root",
    "gauges": {
        "MoveToGoal.Policy.Entropy.mean": {
            "value": 1.4289076328277588,
            "min": 1.428604245185852,
            "max": 1.4413728713989258,
            "count": 10
        },
        "MoveToGoal.Policy.Entropy.sum": {
            "value": 71266.765625,
            "min": 71266.765625,
            "max": 73191.7421875,
            "count": 10
        },
        "MoveToGoal.Step.mean": {
            "value": 499941.0,
            "min": 49937.0,
            "max": 499941.0,
            "count": 10
        },
        "MoveToGoal.Step.sum": {
            "value": 499941.0,
            "min": 49937.0,
            "max": 499941.0,
            "count": 10
        },
        "MoveToGoal.Policy.ExtrinsicValueEstimate.mean": {
            "value": 2.661410093307495,
            "min": 1.3514695167541504,
            "max": 53.159996032714844,
            "count": 10
        },
        "MoveToGoal.Policy.ExtrinsicValueEstimate.sum": {
            "value": 2200.986083984375,
            "min": 1110.907958984375,
            "max": 44388.59765625,
            "count": 10
        },
        "MoveToGoal.Environment.EpisodeLength.mean": {
            "value": 610.9761904761905,
            "min": 390.20183486238534,
            "max": 610.9761904761905,
            "count": 10
        },
        "MoveToGoal.Environment.EpisodeLength.sum": {
            "value": 51322.0,
            "min": 42532.0,
            "max": 51322.0,
            "count": 10
        },
        "MoveToGoal.Environment.CumulativeReward.mean": {
            "value": -10.733331320984732,
            "min": -10.866246338188649,
            "max": -10.599995958936084,
            "count": 10
        },
        "MoveToGoal.Environment.CumulativeReward.sum": {
            "value": -901.5998309627175,
            "min": -1379.599939584732,
            "max": -869.2997070550919,
            "count": 10
        },
        "MoveToGoal.Policy.ExtrinsicReward.mean": {
            "value": -10.733331320984732,
            "min": -10.866246338188649,
            "max": -10.599995958936084,
            "count": 10
        },
        "MoveToGoal.Policy.ExtrinsicReward.sum": {
            "value": -901.5998309627175,
            "min": -1379.599939584732,
            "max": -869.2997070550919,
            "count": 10
        },
        "MoveToGoal.Losses.PolicyLoss.mean": {
            "value": 0.02228459139975409,
            "min": 0.02228459139975409,
            "max": 0.02682769350086649,
            "count": 10
        },
        "MoveToGoal.Losses.PolicyLoss.sum": {
            "value": 0.11142295699877044,
            "min": 0.09698086122516542,
            "max": 0.13413846750433245,
            "count": 10
        },
        "MoveToGoal.Losses.ValueLoss.mean": {
            "value": 335.823168741862,
            "min": 324.640464070638,
            "max": 411.9736665852864,
            "count": 10
        },
        "MoveToGoal.Losses.ValueLoss.sum": {
            "value": 1679.11584370931,
            "min": 1585.533005777995,
            "max": 2059.8683329264322,
            "count": 10
        },
        "MoveToGoal.Policy.LearningRate.mean": {
            "value": 1.603221465595999e-05,
            "min": 1.603221465595999e-05,
            "max": 0.00028437465520844994,
            "count": 10
        },
        "MoveToGoal.Policy.LearningRate.sum": {
            "value": 8.016107327979995e-05,
            "min": 8.016107327979995e-05,
            "max": 0.0012829506723498,
            "count": 10
        },
        "MoveToGoal.Policy.Epsilon.mean": {
            "value": 0.10534404,
            "min": 0.10534404,
            "max": 0.19479155000000006,
            "count": 10
        },
        "MoveToGoal.Policy.Epsilon.sum": {
            "value": 0.5267202,
            "min": 0.49952240000000003,
            "max": 0.9276502000000001,
            "count": 10
        },
        "MoveToGoal.Policy.Beta.mean": {
            "value": 0.00027666759599999987,
            "min": 0.00027666759599999987,
            "max": 0.004740098345000001,
            "count": 10
        },
        "MoveToGoal.Policy.Beta.sum": {
            "value": 0.0013833379799999994,
            "min": 0.0013833379799999994,
            "max": 0.02138974498,
            "count": 10
        },
        "MoveToGoal.IsTraining.mean": {
            "value": 1.0,
            "min": 1.0,
            "max": 1.0,
            "count": 10
        },
        "MoveToGoal.IsTraining.sum": {
            "value": 1.0,
            "min": 1.0,
            "max": 1.0,
            "count": 10
        }
    },
    "metadata": {
        "timer_format_version": "0.1.0",
        "start_time_seconds": "1689747460",
        "python_version": "3.9.13 (tags/v3.9.13:6de2ca5, May 17 2022, 16:36:42) [MSC v.1929 64 bit (AMD64)]",
        "command_line_arguments": "C:\\Users\\usuario\\Netcode Tests\\venv\\Scripts\\mlagents-learn results/MoveToGoal4/configuration.yaml --initialize-from=MoveToGoal4 --run-id=MoveToGoal5 --force",
        "mlagents_version": "0.30.0",
        "mlagents_envs_version": "0.30.0",
        "communication_protocol_version": "1.5.0",
        "pytorch_version": "2.0.1+cpu",
        "numpy_version": "1.21.2",
        "end_time_seconds": "1689747896"
    },
    "total": 435.8781801,
    "count": 1,
    "self": 0.017670499999951517,
    "children": {
        "run_training.setup": {
            "total": 0.1099285000000001,
            "count": 1,
            "self": 0.1099285000000001
        },
        "TrainerController.start_learning": {
            "total": 435.75058110000003,
            "count": 1,
            "self": 0.6645625000031714,
            "children": {
                "TrainerController._reset_env": {
                    "total": 8.1250004,
                    "count": 1,
                    "self": 8.1250004
                },
                "TrainerController.advance": {
                    "total": 426.8855933999969,
                    "count": 20811,
                    "self": 0.5615181999994547,
                    "children": {
                        "env_step": {
                            "total": 288.2283791999996,
                            "count": 20811,
                            "self": 265.3266388000002,
                            "children": {
                                "SubprocessEnvManager._take_step": {
                                    "total": 22.485267900001276,
                                    "count": 20811,
                                    "self": 1.8616977000020754,
                                    "children": {
                                        "TorchPolicy.evaluate": {
                                            "total": 20.6235701999992,
                                            "count": 20032,
                                            "self": 20.6235701999992
                                        }
                                    }
                                },
                                "workers": {
                                    "total": 0.41647249999814306,
                                    "count": 20811,
                                    "self": 0.0,
                                    "children": {
                                        "worker_root": {
                                            "total": 426.658949100002,
                                            "count": 20811,
                                            "is_parallel": true,
                                            "self": 205.006228200004,
                                            "children": {
                                                "steps_from_proto": {
                                                    "total": 0.0005959999999998189,
                                                    "count": 1,
                                                    "is_parallel": true,