{
    "name": "root",
    "gauges": {
        "MoveToGoal.Policy.Entropy.mean": {
            "value": 1.403499960899353,
            "min": 1.403499960899353,
            "max": 1.43839430809021,
            "count": 10
        },
        "MoveToGoal.Policy.Entropy.sum": {
            "value": 70104.8203125,
            "min": 69877.0625,
            "max": 73034.46875,
            "count": 10
        },
        "MoveToGoal.Environment.EpisodeLength.mean": {
            "value": 791.7241379310345,
            "min": 169.80708661417322,
            "max": 791.7241379310345,
            "count": 10
        },
        "MoveToGoal.Environment.EpisodeLength.sum": {
            "value": 45920.0,
            "min": 43131.0,
            "max": 51859.0,
            "count": 10
        },
        "MoveToGoal.Step.mean": {
            "value": 499995.0,
            "min": 49977.0,
            "max": 499995.0,
            "count": 10
        },
        "MoveToGoal.Step.sum": {
            "value": 499995.0,
            "min": 49977.0,
            "max": 499995.0,
            "count": 10
        },
        "MoveToGoal.Policy.ExtrinsicValueEstimate.mean": {
            "value": 4.605257034301758,
            "min": -0.10723166167736053,
            "max": 37.17031478881836,
            "count": 10
        },
        "MoveToGoal.Policy.ExtrinsicValueEstimate.sum": {
            "value": 3721.047607421875,
            "min": -91.36137390136719,
            "max": 33676.3046875,
            "count": 10
        },
        "MoveToGoal.Environment.CumulativeReward.mean": {
            "value": -10.829308049432163,
            "min": -11.002500361204147,
            "max": -10.731034807775213,
            "count": 10
        },
        "MoveToGoal.Environment.CumulativeReward.sum": {
            "value": -628.0998668670654,
            "min": -2739.7994535937905,
            "max": -628.0998668670654,
            "count": 10
        },
        "MoveToGoal.Policy.ExtrinsicReward.mean": {
            "value": -10.829308049432163,
            "min": -11.002500361204147,
            "max": -10.731034807775213,
            "count": 10
        },
        "MoveToGoal.Policy.ExtrinsicReward.sum": {
            "value": -628.0998668670654,
            "min": -2739.7994535937905,
            "max": -628.0998668670654,
            "count": 10
        },
        "MoveToGoal.Losses.PolicyLoss.mean": {
            "value": 0.023978079344766833,
            "min": 0.0228393016877817,
            "max": 0.024373619446220497,
            "count": 10
        },
        "MoveToGoal.Losses.PolicyLoss.sum": {
            "value": 0.11989039672383417,
            "min": 0.0913572067511268,
            "max": 0.12186809723110249,
            "count": 10
        },
        "MoveToGoal.Losses.ValueLoss.mean": {
            "value": 573.9577789306641,
            "min": 471.90697072347007,
            "max": 651.4483117675782,
            "count": 10
        },
        "MoveToGoal.Losses.ValueLoss.sum": {
            "value": 2869.7888946533203,
            "min": 1887.6278828938803,
            "max": 3257.241558837891,
            "count": 10
        },
        "MoveToGoal.Policy.LearningRate.mean": {
            "value": 1.6106374631239995e-05,
            "min": 1.6106374631239995e-05,
            "max": 0.00028454010515330003,
            "count": 10
        },
        "MoveToGoal.Policy.LearningRate.sum": {
            "value": 8.053187315619998e-05,
            "min": 8.053187315619998e-05,
            "max": 0.0012840312719896,
            "count": 10
        },
        "MoveToGoal.Policy.Epsilon.mean": {
            "value": 0.10536876000000002,
            "min": 0.10536876000000002,
            "max": 0.19484670000000004,
            "count": 10
        },
        "MoveToGoal.Policy.Epsilon.sum": {
            "value": 0.5268438000000001,
            "min": 0.499587,
            "max": 0.9280104,
            "count": 10
        },
        "MoveToGoal.Policy.Beta.mean": {
            "value": 0.00027790112399999993,
            "min": 0.00027790112399999993,
            "max": 0.004742850330000001,
            "count": 10
        },
        "MoveToGoal.Policy.Beta.sum": {
            "value": 0.0013895056199999996,
            "min": 0.0013895056199999996,
            "max": 0.021407718959999995,
            "count": 10
        },
        "MoveToGoal.IsTraining.mean": {
            "value": 1.0,
            "min": 1.0,
            "max": 1.0,
            "count": 10
        },
        "MoveToGoal.IsTraining.sum": {
            "value": 1.0,
            "min": 1.0,
            "max": 1.0,
            "count": 10
        }
    },
    "metadata": {
        "timer_format_version": "0.1.0",
        "start_time_seconds": "1689746893",
        "python_version": "3.9.13 (tags/v3.9.13:6de2ca5, May 17 2022, 16:36:42) [MSC v.1929 64 bit (AMD64)]",
        "command_line_arguments": "C:\\Users\\usuario\\Netcode Tests\\venv\\Scripts\\mlagents-learn results/MoveToGoal3/configuration.yaml --initialize-from=MoveToGoal3 --run-id=MoveToGoal4 --force",
        "mlagents_version": "0.30.0",
        "mlagents_envs_version": "0.30.0",
        "communication_protocol_version": "1.5.0",
        "pytorch_version": "2.0.1+cpu",
        "numpy_version": "1.21.2",
        "end_time_seconds": "1689747309"
    },
    "total": 415.83904490000003,
    "count": 1,
    "self": 0.013070000000027449,
    "children": {
        "run_training.setup": {
            "total": 0.10630780000000017,
            "count": 1,
            "self": 0.10630780000000017
        },
        "TrainerController.start_learning": {
            "total": 415.7196671,
            "count": 1,
            "self": 0.6660870999980375,
            "children": {
                "TrainerController._reset_env": {
                    "total": 7.300558799999999,
                    "count": 1,
                    "self": 7.300558799999999
                },
                "TrainerController.advance": {
                    "total": 407.68392720000196,
                    "count": 21024,
                    "self": 0.5830116000021803,
                    "children": {
                        "env_step": {
                            "total": 269.6516891999998,
                            "count": 21024,
                            "self": 246.8804324999927,
                            "children": {
                                "SubprocessEnvManager._take_step": {
                                    "total": 22.365165400003853,
                                    "count": 21024,
                                    "self": 1.8655723000037483,
                                    "children": {
                                        "TorchPolicy.evaluate": {
                                            "total": 20.499593100000105,
                                            "count": 20037,
                                            "self": 20.499593100000105
                                        }
                                    }
                                },
                                "workers": {
                                    "total": 0.4060913000032471,
                                    "count": 21024,
                                    "self": 0.0,
                                    "children": {
                                        "worker_root": {
                                            "total": 407.4967027999995,
                                            "count": 21024,
                                            "is_parallel": true,
                                            "self": 204.12875889999972,
                                            "children": {
                                                "steps_from_proto": {
                                                    "total": 0.0005372999999995187,
                                                    "count": 1,