{
    "name": "root",
    "metadata": {
        "timer_format_version": "0.1.0",
        "start_time_seconds": "1695725133",
        "python_version": "3.9.13 (tags/v3.9.13:6de2ca5, May 17 2022, 16:36:42) [MSC v.1929 64 bit (AMD64)]",
        "command_line_arguments": "C:\\Users\\usuario\\Netcode Tests\\venv\\Scripts\\mlagents-learn --run-id=V2 --force",
        "mlagents_version": "0.30.0",
        "mlagents_envs_version": "0.30.0",
        "communication_protocol_version": "1.5.0",
        "pytorch_version": "2.0.1+cpu",
        "numpy_version": "1.21.2",
        "end_time_seconds": "1695725159"
    },
    "total": 25.8618676,
    "count": 1,
    "self": 0.011018899999999832,
    "children": {
        "run_training.setup": {
            "total": 0.03450949999999997,
            "count": 1,
            "self": 0.03450949999999997
        },
        "TrainerController.start_learning": {
            "total": 25.8163392,
            "count": 1,
            "self": 0.021979100000031337,
            "children": {
                "TrainerController._reset_env": {
                    "total": 9.2643252,
                    "count": 1,
                    "self": 9.2643252
                },
                "TrainerController.advance": {
                    "total": 16.398924199999968,
                    "count": 709,
                    "self": 0.019692699999964702,
                    "children": {
                        "env_step": {
                            "total": 12.241947199999963,
                            "count": 709,
                            "self": 11.545538499999909,
                            "children": {
                                "SubprocessEnvManager._take_step": {
                                    "total": 0.6835361000000404,
                                    "count": 709,
                                    "self": 0.06004200000005966,
                                    "children": {
                                        "TorchPolicy.evaluate": {
                                            "total": 0.6234940999999807,
                                            "count": 575,
                                            "self": 0.6234940999999807
                                        }
                                    }
                                },
                                "workers": {
                                    "total": 0.01287260000001389,
                                    "count": 708,
                                    "self": 0.0,
                                    "children": {
                                        "worker_root": {
                                            "total": 16.426675399999986,
                                            "count": 708,
                                            "is_parallel": true,
                                            "self": 6.546814699999983,
                                            "children": {
                                                "steps_from_proto": {
                                                    "total": 0.0016095000000007076,
                                                    "count": 1,
                                                    "is_parallel": true,
                                                    "self": 0.0004129000000023808,
                                                    "children": {
                                                        "_process_rank_one_or_two_observation": {
                                                            "total": 0.0011965999999983268,
                                                            "count": 4,
                                                            "is_parallel": true,
                                                            "self": 0.0011965999999983268
                                                        }
                                                    }
                                                },
                                                "UnityEnvironment.step": {
                                                    "total": 9.878251200000003,
                                                    "count": 708,
                                                    "is_parallel": true,
                                                    "self": 0.24323509999990556,
                                                    "children": {
                                                        "UnityEnvironment._generate_step_input": {
                                                            "total": 0.35230090000004743,
                                                            "count": 708,
                                                            "is_parallel": true,
                                                            "self": 0.35230090000004743
                                                        },
                                                        "communicator.exchange": {
                                                            "total": 8.708012400000008,
                                                            "count": 708,
                                                            "is_parallel": true,
                                                            "self": 8.708012400000008
                                                        },
                                                        "steps_from_proto": {
                                                            "total": 0.5747028000000416,
                                                            "count": 708,
                                                            "is_parallel": true,
                                                            "self": 0.1206030000000542,
                                                            "children": {
                                                                "_process_rank_one_or_two_observation": {
                                                                    "total": 0.4540997999999874,
                                                                    "count": 2832,
                                                                    "is_parallel": true,
                                                                    "self": 0.4540997999999874
                                                                }
                                                            }
                                                        }
                                                    }
                                                }
                                            }
                                        }
                                    }
                                }
                            }
                        },
                        "trainer_advance": {
                            "total": 4.137284300000038,
                            "count": 708,
                            "self": 0.032871600000003554,
                            "children": {
                                "process_trajectory": {
                                    "total": 1.691909100000034,
                                    "count": 708,
                                    "self": 1.691909100000034
                                },
                                "_update_policy": {
                                    "total": 2.412503600000001,
                                    "count": 1,
                                    "self": 1.8435953999999946,
                                    "children": {
                                        "TorchPPOOptimizer.update": {
                                            "total": 0.5689082000000063,
                                            "count": 30,