{
    "name": "root",
    "gauges": {
        "RunnerAgent.Policy.Entropy.mean": {
            "value": -6.107442855834961,
            "min": -6.107442855834961,
            "max": -0.4485741853713989,
            "count": 15
        },
        "RunnerAgent.Policy.Entropy.sum": {
            "value": -60933.95703125,
            "min": -60933.95703125,
            "max": -4672.79736328125,
            "count": 15
        },
        "RunnerAgent.Environment.EpisodeLength.mean": {
            "value": 122.18055555555556,
            "min": 122.18055555555556,
            "max": 181.60377358490567,
            "count": 15
        },
        "RunnerAgent.Environment.EpisodeLength.sum": {
            "value": 8797.0,
            "min": 8595.0,
            "max": 10966.0,
            "count": 15
        },
        "RunnerAgent.Step.mean": {
            "value": 149989.0,
            "min": 9940.0,
            "max": 149989.0,
            "count": 15
        },
        "RunnerAgent.Step.sum": {
            "value": 149989.0,
            "min": 9940.0,
            "max": 149989.0,
            "count": 15
        },
        "RunnerAgent.Policy.ExtrinsicValueEstimate.mean": {
            "value": -31.287487030029297,
            "min": -74.85442352294922,
            "max": 6.432228088378906,
            "count": 15
        },
        "RunnerAgent.Policy.ExtrinsicValueEstimate.sum": {
            "value": -5975.91015625,
            "min": -13692.400390625,
            "max": 1189.962158203125,
            "count": 15
        },
        "RunnerAgent.Environment.CumulativeReward.mean": {
            "value": 14.398393233617147,
            "min": -14.13336761181171,
            "max": 49.44753342460502,
            "count": 15
        },
        "RunnerAgent.Environment.CumulativeReward.sum": {
            "value": 1036.6843128204346,
            "min": -918.6688947677612,
            "max": 3263.5372060239315,
            "count": 15
        },
        "RunnerAgent.Policy.ExtrinsicReward.mean": {
            "value": 14.398393233617147,
            "min": -14.13336761181171,
            "max": 49.44753342460502,
            "count": 15
        },
        "RunnerAgent.Policy.ExtrinsicReward.sum": {
            "value": 1036.6843128204346,
            "min": -918.6688947677612,
            "max": 3263.5372060239315,
            "count": 15
        },
        "RunnerAgent.Losses.PolicyLoss.mean": {
            "value": 0.3240824732921429,
            "min": 0.2636371966553816,
            "max": 0.40786726294616243,
            "count": 15
        },
        "RunnerAgent.Losses.PolicyLoss.sum": {
            "value": 23.982103023618574,
            "min": 18.454603765876712,
            "max": 30.18217745801602,
            "count": 15
        },
        "RunnerAgent.Losses.ValueLoss.mean": {
            "value": 14252.580124440785,
            "min": 8747.677685267612,
            "max": 21417.769880019627,
            "count": 15
        },
        "RunnerAgent.Losses.ValueLoss.sum": {
            "value": 1054690.9292086181,
            "min": 647328.1487098032,
            "max": 1542079.431361413,
            "count": 15
        },
        "RunnerAgent.Policy.LearningRate.mean": {
            "value": 0.00021302808304470274,
            "min": 0.00021302808304470274,
            "max": 0.0002969346695932057,
            "count": 15
        },
        "RunnerAgent.Policy.LearningRate.sum": {
            "value": 0.015764078145308003,
            "min": 0.015764078145308003,
            "max": 0.021533917422027597,
            "count": 15
        },
        "RunnerAgent.Policy.Epsilon.mean": {
            "value": 0.1710093513513514,
            "min": 0.1710093513513514,
            "max": 0.1989782228571429,
            "count": 15
        },
        "RunnerAgent.Policy.Epsilon.sum": {
            "value": 12.654692000000002,
            "min": 12.4562648,
            "max": 14.5779724,
            "count": 15
        },
        "RunnerAgent.Policy.Beta.mean": {
            "value": 0.0005000000000000001,
            "min": 0.0005,
            "max": 0.0005000000000000001,
            "count": 15
        },
        "RunnerAgent.Policy.Beta.sum": {
            "value": 0.037000000000000005,
            "min": 0.035,
            "max": 0.038000000000000006,
            "count": 15
        },
        "RunnerAgent.Losses.PretrainingLoss.mean": {
            "value": 0.020028875225019383,
            "min": 0.020028875225019383,
            "max": 0.20377139755231882,
            "count": 15
        },
        "RunnerAgent.Losses.PretrainingLoss.sum": {
            "value": 1.4821367666514345,
            "min": 1.4821367666514345,
            "max": 14.263997828662317,
            "count": 15
        },
        "RunnerAgent.IsTraining.mean": {
            "value": 1.0,
            "min": 1.0,
            "max": 1.0,
            "count": 15
        },
        "RunnerAgent.IsTraining.sum": {
            "value": 1.0,
            "min": 1.0,
            "max": 1.0,
            "count": 15
        }
    },
    "metadata": {
        "timer_format_version": "0.1.0",
        "start_time_seconds": "1717663146",
        "python_version": "3.9.13 (tags/v3.9.13:6de2ca5, May 17 2022, 16:36:42) [MSC v.1929 64 bit (AMD64)]",
        "command_line_arguments": "C:\\Users\\usuario\\AppData\\Local\\Programs\\Python\\Python39\\Scripts\\mlagents-learn config/runnerAgentBC.yaml --run-id=AddingPhysics6",
        "mlagents_version": "0.30.0",
        "mlagents_envs_version": "0.30.0",
        "communication_protocol_version": "1.5.0",
        "pytorch_version": "2.3.0+cpu",
        "numpy_version": "1.21.2",
        "end_time_seconds": "1717666649"
    },
    "total": 3502.4497312999997,
    "count": 1,
    "self": 0.012637799999993149,
    "children": {
        "run_training.setup": {
            "total": 0.09034659999999972,
            "count": 1,
            "self": 0.09034659999999972
        },
        "TrainerController.start_learning": {
            "total": 3502.3467468999997,
            "count": 1,
            "self": 0.47440720000258807,
            "children": {
                "TrainerController._reset_env": {
                    "total": 9.3101808,
                    "count": 1,
                    "self": 8.557511899999998,
                    "children": {
                        "demo_to_buffer": {
                            "total": 0.7526689000000015,
                            "count": 1,
                            "self": 5.400000000221894e-05,
                            "children": {
                                "load_demonstration": {
                                    "total": 0.010602099999999837,
                                    "count": 1,
                                    "self": 0.010256899999999902,
                                    "children": {
                                        "read_file": {
                                            "total": 0.00034519999999993445,
                                            "count": 1,
                                            "self": 0.00034519999999993445
                                        }
                                    }
                                },
                                "make_demo_buffer": {
                                    "total": 0.7420127999999995,
                                    "count": 1,
                                    "self": 0.10287510000009803,
                                    "children": {
                                        "steps_from_proto": {
                                            "total": 0.6391376999999014,
                                            "count": 3902,
                                            "self": 0.2684565999998494,