{
    "name": "root",
    "gauges": {
        "RunnerAgent.Policy.Entropy.mean": {
            "value": 0.10494503378868103,
            "min": 0.10494503378868103,
            "max": 0.10494503378868103,
            "count": 1
        },
        "RunnerAgent.Policy.Entropy.sum": {
            "value": 1089.749267578125,
            "min": 1089.749267578125,
            "max": 1089.749267578125,
            "count": 1
        },
        "RunnerAgent.Environment.EpisodeLength.mean": {
            "value": 266.92857142857144,
            "min": 266.92857142857144,
            "max": 266.92857142857144,
            "count": 1
        },
        "RunnerAgent.Environment.EpisodeLength.sum": {
            "value": 7474.0,
            "min": 7474.0,
            "max": 7474.0,
            "count": 1
        },
        "RunnerAgent.Step.mean": {
            "value": 9998.0,
            "min": 9998.0,
            "max": 9998.0,
            "count": 1
        },
        "RunnerAgent.Step.sum": {
            "value": 9998.0,
            "min": 9998.0,
            "max": 9998.0,
            "count": 1
        },
        "RunnerAgent.Policy.ExtrinsicValueEstimate.mean": {
            "value": 181.5086669921875,
            "min": 181.5086669921875,
            "max": 181.5086669921875,
            "count": 1
        },
        "RunnerAgent.Policy.ExtrinsicValueEstimate.sum": {
            "value": 30493.45703125,
            "min": 30493.45703125,
            "max": 30493.45703125,
            "count": 1
        },
        "RunnerAgent.Environment.CumulativeReward.mean": {
            "value": 1156.0256595896458,
            "min": 1156.0256595896458,
            "max": 1156.0256595896458,
            "count": 1
        },
        "RunnerAgent.Environment.CumulativeReward.sum": {
            "value": 32368.71846851008,
            "min": 32368.71846851008,
            "max": 32368.71846851008,
            "count": 1
        },
        "RunnerAgent.Policy.ExtrinsicReward.mean": {
            "value": 1156.0256595896458,
            "min": 1156.0256595896458,
            "max": 1156.0256595896458,
            "count": 1
        },
        "RunnerAgent.Policy.ExtrinsicReward.sum": {
            "value": 32368.71846851008,
            "min": 32368.71846851008,
            "max": 32368.71846851008,
            "count": 1
        },
        "RunnerAgent.Losses.PolicyLoss.mean": {
            "value": 0.2415110312311711,
            "min": 0.2415110312311711,
            "max": 0.2415110312311711,
            "count": 1
        },
        "RunnerAgent.Losses.PolicyLoss.sum": {
            "value": 12.317062592789727,
            "min": 12.317062592789727,
            "max": 12.317062592789727,
            "count": 1
        },
        "RunnerAgent.Losses.ValueLoss.mean": {
            "value": 23077.66060435641,
            "min": 23077.66060435641,
            "max": 23077.66060435641,
            "count": 1
        },
        "RunnerAgent.Losses.ValueLoss.sum": {
            "value": 1176960.6908221769,
            "min": 1176960.6908221769,
            "max": 1176960.6908221769,
            "count": 1
        },
        "RunnerAgent.Policy.LearningRate.mean": {
            "value": 0.00029633535416272546,
            "min": 0.00029633535416272546,
            "max": 0.00029633535416272546,
            "count": 1
        },
        "RunnerAgent.Policy.LearningRate.sum": {
            "value": 0.015113103062298999,
            "min": 0.015113103062298999,
            "max": 0.015113103062298999,
            "count": 1
        },
        "RunnerAgent.Policy.Epsilon.mean": {
            "value": 0.19877845098039215,
            "min": 0.19877845098039215,
            "max": 0.19877845098039215,
            "count": 1
        },
        "RunnerAgent.Policy.Epsilon.sum": {
            "value": 10.137701,
            "min": 10.137701,
            "max": 10.137701,
            "count": 1
        },
        "RunnerAgent.Policy.Beta.mean": {
            "value": 0.0005,
            "min": 0.0005,
            "max": 0.0005,
            "count": 1
        },
        "RunnerAgent.Policy.Beta.sum": {
            "value": 0.025500000000000002,
            "min": 0.025500000000000002,
            "max": 0.025500000000000002,
            "count": 1
        },
        "RunnerAgent.Losses.PretrainingLoss.mean": {
            "value": 0.16882392462470214,
            "min": 0.16882392462470214,
            "max": 0.16882392462470214,
            "count": 1
        },
        "RunnerAgent.Losses.PretrainingLoss.sum": {
            "value": 8.610020155859809,
            "min": 8.610020155859809,
            "max": 8.610020155859809,
            "count": 1
        },
        "RunnerAgent.IsTraining.mean": {
            "value": 1.0,
            "min": 1.0,
            "max": 1.0,
            "count": 1
        },
        "RunnerAgent.IsTraining.sum": {
            "value": 1.0,
            "min": 1.0,
            "max": 1.0,
            "count": 1
        }
    },
    "metadata": {
        "timer_format_version": "0.1.0",
        "start_time_seconds": "1717570794",
        "python_version": "3.9.13 (tags/v3.9.13:6de2ca5, May 17 2022, 16:36:42) [MSC v.1929 64 bit (AMD64)]",
        "command_line_arguments": "C:\\Users\\inituser\\Documents\\GitHub\\Fitoon\\venv\\Scripts\\mlagents-learn config/runnerAgentBC.yaml --run-id=RunnerAgentTry1",
        "mlagents_version": "0.30.0",
        "mlagents_envs_version": "0.30.0",
        "communication_protocol_version": "1.5.0",
        "pytorch_version": "2.3.0+cpu",
        "numpy_version": "1.21.2",
        "end_time_seconds": "1717571307"
    },
    "total": 513.2550064000001,
    "count": 1,
    "self": 0.010723600000119404,
    "children": {
        "run_training.setup": {
            "total": 0.18907659999999993,
            "count": 1,
            "self": 0.18907659999999993
        },
        "TrainerController.start_learning": {
            "total": 513.0552061999999,
            "count": 1,
            "self": 0.04357550000020183,
            "children": {
                "TrainerController._reset_env": {
                    "total": 38.2214756,
                    "count": 1,
                    "self": 36.7069631,
                    "children": {
                        "demo_to_buffer": {
                            "total": 1.514512499999995,
                            "count": 1,
                            "self": 6.969999999739684e-05,
                            "children": {
                                "load_demonstration": {
                                    "total": 0.020195100000002242,
                                    "count": 1,
                                    "self": 0.01970359999999971,
                                    "children": {
                                        "read_file": {
                                            "total": 0.0004915000000025316,
                                            "count": 1,
                                            "self": 0.0004915000000025316
                                        }
                                    }
                                },
                                "make_demo_buffer": {
                                    "total": 1.4942476999999954,
                                    "count": 1,
                                    "self": 0.1864278999999769,
                                    "children": {
                                        "steps_from_proto": {
                                            "total": 1.3078198000000185,
                                            "count": 4450,
                                            "self": 0.5371728000001923,
                                            "children": {
                                                "_process_rank_one_or_two_observation": {
                                                    "total": 0.7706469999998262,