{
    "name": "root",
    "metadata": {
        "timer_format_version": "0.1.0",
        "start_time_seconds": "1717582113",
        "python_version": "3.9.13 (tags/v3.9.13:6de2ca5, May 17 2022, 16:36:42) [MSC v.1929 64 bit (AMD64)]",
        "command_line_arguments": "C:\\Users\\usuario\\AppData\\Local\\Programs\\Python\\Python39\\Scripts\\mlagents-learn config/runnerAgentBC.yaml --run-id=RunnerObstaclesTry",
        "mlagents_version": "0.30.0",
        "mlagents_envs_version": "0.30.0",
        "communication_protocol_version": "1.5.0",
        "pytorch_version": "2.3.0+cpu",
        "numpy_version": "1.21.2",
        "end_time_seconds": "1717582123"
    },
    "total": 10.0004832,
    "count": 1,
    "self": 0.01055549999999883,
    "children": {
        "run_training.setup": {
            "total": 0.10288599999999981,
            "count": 1,
            "self": 0.10288599999999981
        },
        "TrainerController.start_learning": {
            "total": 9.887041700000001,
            "count": 1,
            "self": 9.230000000215455e-05,
            "children": {
                "TrainerController._reset_env": {
                    "total": 9.8846116,
                    "count": 1,
                    "self": 9.0734399,
                    "children": {
                        "demo_to_buffer": {
                            "total": 0.8111716999999992,
                            "count": 1,
                            "self": 5.7199999998758244e-05,
                            "children": {
                                "load_demonstration": {
                                    "total": 0.012382399999999905,
                                    "count": 1,
                                    "self": 0.011913399999999186,
                                    "children": {
                                        "read_file": {
                                            "total": 0.00046900000000071884,
                                            "count": 1,
                                            "self": 0.00046900000000071884
                                        }
                                    }
                                },
                                "make_demo_buffer": {
                                    "total": 0.7987321000000005,
                                    "count": 1,
                                    "self": 0.11155960000008136,
                                    "children": {
                                        "steps_from_proto": {
                                            "total": 0.6871724999999191,
                                            "count": 4450,
                                            "self": 0.28332190000011437,
                                            "children": {
                                                "_process_rank_one_or_two_observation": {
                                                    "total": 0.40385059999980477,
                                                    "count": 26700,
                                                    "self": 0.40385059999980477
                                                }
                                            }
                                        }
                                    }
                                }
                            }
                        }
                    }
                },
                "TrainerController._save_models": {
                    "total": 0.0023377999999993904,
                    "count": 1,
                    "self": 0.00020739999999896952,
                    "children": {
                        "RLTrainer._checkpoint": {
                            "total": 0.002130400000000421,
                            "count": 1,
                            "self": 0.002130400000000421
                        }
                    }
                }
            }
        }
    }
}