{
    "name": "root",
    "gauges": {
        "RunnerAgent.Policy.Entropy.mean": {
            "value": 0.414307564496994,
            "min": 0.414307564496994,
            "max": 0.8854884505271912,
            "count": 500
        },
        "RunnerAgent.Policy.Entropy.sum": {
            "value": 865.90283203125,
            "min": 677.5045166015625,
            "max": 2488.72607421875,
            "count": 500
        },
        "RunnerAgent.Environment.EpisodeLength.mean": {
            "value": 523.0,
            "min": 38.0,
            "max": 1647.5,
            "count": 494
        },
        "RunnerAgent.Environment.EpisodeLength.sum": {
            "value": 1046.0,
            "min": 38.0,
            "max": 9885.0,
            "count": 494
        },
        "RunnerAgent.Step.mean": {
            "value": 999949.0,
            "min": 1972.0,
            "max": 999949.0,
            "count": 500
        },
        "RunnerAgent.Step.sum": {
            "value": 999949.0,
            "min": 1972.0,
            "max": 999949.0,
            "count": 500
        },
        "RunnerAgent.Policy.ExtrinsicValueEstimate.mean": {
            "value": 15.974878311157227,
            "min": -375.8775634765625,
            "max": 307.5330810546875,
            "count": 500
        },
        "RunnerAgent.Policy.ExtrinsicValueEstimate.sum": {
            "value": 271.57293701171875,
            "min": -6765.7958984375,
            "max": 5535.59521484375,
            "count": 500
        },
        "RunnerAgent.Policy.GailValueEstimate.mean": {
            "value": 19.886550903320312,
            "min": 11.681079864501953,
            "max": 27.069499969482422,
            "count": 500
        },
        "RunnerAgent.Policy.GailValueEstimate.sum": {
            "value": 338.07135009765625,
            "min": 199.4879913330078,
            "max": 460.1814880371094,
            "count": 500
        },
        "RunnerAgent.Environment.CumulativeReward.mean": {
            "value": -505.21128845214844,
            "min": -509.98858642578125,
            "max": 4191.993438720703,
            "count": 494
        },
        "RunnerAgent.Environment.CumulativeReward.sum": {
            "value": -1010.4225769042969,
            "min": -4318.767105102539,
            "max": 12786.763069152832,
            "count": 494
        },
        "RunnerAgent.Policy.ExtrinsicReward.mean": {
            "value": -505.21128845214844,
            "min": -509.98858642578125,
            "max": 4191.993438720703,
            "count": 494
        },
        "RunnerAgent.Policy.ExtrinsicReward.sum": {
            "value": -1010.4225769042969,
            "min": -4318.767105102539,
            "max": 12786.763069152832,
            "count": 494
        },
        "RunnerAgent.Policy.GailReward.mean": {
            "value": 168.76753497123718,
            "min": 7.11838436126709,
            "max": 375.11828994750977,
            "count": 494
        },
        "RunnerAgent.Policy.GailReward.sum": {
            "value": 337.53506994247437,
            "min": 7.11838436126709,
            "max": 1596.6896400749683,
            "count": 494
        },
        "RunnerAgent.IsTraining.mean": {
            "value": 1.0,
            "min": 1.0,
            "max": 1.0,
            "count": 500
        },
        "RunnerAgent.IsTraining.sum": {
            "value": 1.0,
            "min": 1.0,
            "max": 1.0,
            "count": 500
        },
        "RunnerAgent.Losses.PolicyLoss.mean": {
            "value": 0.034025998018478276,
            "min": 0.02445051111499197,
            "max": 0.042073712589626666,
            "count": 240
        },
        "RunnerAgent.Losses.PolicyLoss.sum": {
            "value": 0.034025998018478276,
            "min": 0.02445051111499197,
            "max": 0.042073712589626666,
            "count": 240
        },
        "RunnerAgent.Losses.ValueLoss.mean": {
            "value": 19125.94123840332,
            "min": 6576.197380065918,
            "max": 49156.04705810547,
            "count": 240
        },
        "RunnerAgent.Losses.ValueLoss.sum": {
            "value": 19125.94123840332,
            "min": 6576.197380065918,
            "max": 49156.04705810547,
            "count": 240
        },
        "RunnerAgent.Policy.LearningRate.mean": {
            "value": 5.985998004999907e-07,
            "min": 5.985998004999907e-07,
            "max": 0.0002987478004174,
            "count": 240
        },
        "RunnerAgent.Policy.LearningRate.sum": {
            "value": 5.985998004999907e-07,
            "min": 5.985998004999907e-07,
            "max": 0.0002987478004174,
            "count": 240
        },
        "RunnerAgent.Policy.Epsilon.mean": {
            "value": 0.1001995,
            "min": 0.1001995,
            "max": 0.19958260000000003,
            "count": 240
        },
        "RunnerAgent.Policy.Epsilon.sum": {
            "value": 0.1001995,
            "min": 0.1001995,
            "max": 0.19958260000000003,
            "count": 240
        },
        "RunnerAgent.Policy.Beta.mean": {
            "value": 0.01,
            "min": 0.01,
            "max": 0.01,
            "count": 240
        },
        "RunnerAgent.Policy.Beta.sum": {
            "value": 0.01,
            "min": 0.01,
            "max": 0.01,
            "count": 240
        },
        "RunnerAgent.Policy.GAILPolicyEstimate.mean": {
            "value": 0.2870385153219104,
            "min": 0.23016376234591007,
            "max": 0.34621094400063157,
            "count": 240
        },
        "RunnerAgent.Policy.GAILPolicyEstimate.sum": {
            "value": 0.2870385153219104,
            "min": 0.23016376234591007,
            "max": 0.34621094400063157,
            "count": 240
        },
        "RunnerAgent.Policy.GAILExpertEstimate.mean": {
            "value": 0.723023870959878,
            "min": 0.6683247098699212,
            "max": 0.7640262115746737,
            "count": 240
        },
        "RunnerAgent.Policy.GAILExpertEstimate.sum": {
            "value": 0.723023870959878,
            "min": 0.6683247098699212,
            "max": 0.7640262115746737,
            "count": 240
        },
        "RunnerAgent.Losses.GAILLoss.mean": {
            "value": 0.7721081404015422,
            "min": 0.6328320428729057,
            "max": 0.9381263479590416,
            "count": 240
        },
        "RunnerAgent.Losses.GAILLoss.sum": {
            "value": 0.7721081404015422,
            "min": 0.6328320428729057,
            "max": 0.9381263479590416,
            "count": 240
        },
        "RunnerAgent.Policy.GAILGradMagLoss.mean": {
            "value": 0.03906697389902547,
            "min": 0.027972887008218095,
            "max": 0.058114148036111146,
            "count": 240
        },
        "RunnerAgent.Policy.GAILGradMagLoss.sum": {
            "value": 0.03906697389902547,
            "min": 0.027972887008218095,
            "max": 0.058114148036111146,
            "count": 240
        },
        "RunnerAgent.Losses.PretrainingLoss.mean": {
            "value": 0.205161404751596,
            "min": 0.2015800206434159,
            "max": 0.41678822892052786,
            "count": 240
        },
        "RunnerAgent.Losses.PretrainingLoss.sum": {
            "value": 0.205161404751596,
            "min": 0.2015800206434159,
            "max": 0.41678822892052786,
            "count": 240
        }
    },
    "metadata": {
        "timer_format_version": "0.1.0",
        "start_time_seconds": "1718099859",
        "python_version": "3.9.13 (tags/v3.9.13:6de2ca5, May 17 2022, 16:36:42) [MSC v.1929 64 bit (AMD64)]",
        "command_line_arguments": "C:\\Users\\usuario\\AppData\\Local\\Programs\\Python\\Python39\\Scripts\\mlagents-learn config/runnerAgentBCGail.yaml --initialize-from=FullMapActive --run-id=FullMapActive2",
        "mlagents_version": "0.30.0",
        "mlagents_envs_version": "0.30.0",