{
    "name": "root",
    "gauges": {
        "MoveToGoal.Policy.Entropy.mean": {
            "value": 1.1117182970046997,
            "min": 1.1117182970046997,
            "max": 1.1823432445526123,
            "count": 22
        },
        "MoveToGoal.Policy.Entropy.sum": {
            "value": 55710.42578125,
            "min": 27089.84765625,
            "max": 58941.828125,
            "count": 22
        },
        "MoveToGoal.Step.mean": {
            "value": 4399984.0,
            "min": 3349993.0,
            "max": 4399984.0,
            "count": 22
        },
        "MoveToGoal.Step.sum": {
            "value": 4399984.0,
            "min": 3349993.0,
            "max": 4399984.0,
            "count": 22
        },
        "MoveToGoal.Policy.ExtrinsicValueEstimate.mean": {
            "value": 378.475830078125,
            "min": 133.9622802734375,
            "max": 474.2923278808594,
            "count": 22
        },
        "MoveToGoal.Policy.ExtrinsicValueEstimate.sum": {
            "value": 315270.375,
            "min": 47020.7578125,
            "max": 388199.8125,
            "count": 22
        },
        "MoveToGoal.Environment.EpisodeLength.mean": {
            "value": 490.83809523809526,
            "min": 310.59090909090907,
            "max": 859.22,
            "count": 22
        },
        "MoveToGoal.Environment.EpisodeLength.sum": {
            "value": 51538.0,
            "min": 13666.0,
            "max": 56313.0,
            "count": 22
        },
        "MoveToGoal.Environment.CumulativeReward.mean": {
            "value": 2221.8007994010336,
            "min": 685.4888384862002,
            "max": 4147.926372174024,
            "count": 22
        },
        "MoveToGoal.Environment.CumulativeReward.sum": {
            "value": 233289.08393710852,
            "min": 29476.020054906607,
            "max": 286830.8896636963,
            "count": 22
        },
        "MoveToGoal.Policy.ExtrinsicReward.mean": {
            "value": 2221.8007994010336,
            "min": 685.4888384862002,
            "max": 4147.926372174024,
            "count": 22
        },
        "MoveToGoal.Policy.ExtrinsicReward.sum": {
            "value": 233289.08393710852,
            "min": 29476.020054906607,
            "max": 286830.8896636963,
            "count": 22
        },
        "MoveToGoal.Losses.PolicyLoss.mean": {
            "value": 0.023934822326991713,
            "min": 0.020086253844201565,
            "max": 0.026519903091248125,
            "count": 22
        },
        "MoveToGoal.Losses.PolicyLoss.sum": {
            "value": 0.11967411163495856,
            "min": 0.044140486392037326,
            "max": 0.13259951545624063,
            "count": 22
        },
        "MoveToGoal.Losses.ValueLoss.mean": {
            "value": 1933.9503198242187,
            "min": 1933.9503198242187,
            "max": 4947.978815104167,
            "count": 22
        },
        "MoveToGoal.Losses.ValueLoss.sum": {
            "value": 9669.751599121093,
            "min": 6356.905525716145,
            "max": 24739.894075520835,
            "count": 22
        },
        "MoveToGoal.Policy.LearningRate.mean": {
            "value": 0.00029737328919557057,
            "min": 0.00029737328919557057,
            "max": 0.00029799343356885576,
            "count": 22
        },
        "MoveToGoal.Policy.LearningRate.sum": {
            "value": 0.0014868664459778528,
            "min": 0.0005959868671377115,
            "max": 0.001489736151421284,
            "count": 22
        },
        "MoveToGoal.Policy.Epsilon.mean": {
            "value": 0.19912442944000003,
            "min": 0.19912442944000003,
            "max": 0.19933114429999998,
            "count": 22
        },
        "MoveToGoal.Policy.Epsilon.sum": {
            "value": 0.9956221472000002,
            "min": 0.39866228859999997,
            "max": 0.9965787160000001,
            "count": 22
        },
        "MoveToGoal.Policy.Beta.mean": {
            "value": 0.0049563090290560005,
            "min": 0.0049563090290560005,
            "max": 0.00496662410057,
            "count": 22
        },
        "MoveToGoal.Policy.Beta.sum": {
            "value": 0.024781545145280002,
            "min": 0.00993324820114,
            "max": 0.0248292779284,
            "count": 22
        },
        "MoveToGoal.IsTraining.mean": {
            "value": 1.0,
            "min": 1.0,
            "max": 1.0,
            "count": 22
        },
        "MoveToGoal.IsTraining.sum": {
            "value": 1.0,
            "min": 1.0,
            "max": 1.0,
            "count": 22
        }
    },
    "metadata": {
        "timer_format_version": "0.1.0",
        "start_time_seconds": "1695797976",
        "python_version": "3.9.13 (tags/v3.9.13:6de2ca5, May 17 2022, 16:36:42) [MSC v.1929 64 bit (AMD64)]",
        "command_line_arguments": "C:\\Users\\usuario\\Netcode Tests\\venv\\Scripts\\mlagents-learn results/V4/configuration.yaml --run-id=V5 --resume",
        "mlagents_version": "0.30.0",
        "mlagents_envs_version": "0.30.0",
        "communication_protocol_version": "1.5.0",
        "pytorch_version": "2.0.1+cpu",
        "numpy_version": "1.21.2",
        "end_time_seconds": "1695799070"
    },
    "total": 1093.4575456,
    "count": 1,
    "self": 0.010231699999849297,
    "children": {
        "run_training.setup": {
            "total": 0.11404479999999984,
            "count": 1,
            "self": 0.11404479999999984
        },
        "TrainerController.start_learning": {
            "total": 1093.3332691,
            "count": 1,
            "self": 1.5455194999983632,
            "children": {
                "TrainerController._reset_env": {
                    "total": 7.444802200000001,
                    "count": 1,
                    "self": 7.444802200000001
                },
                "TrainerController.advance": {
                    "total": 1084.2607376000017,
                    "count": 35789,
                    "self": 0.7229426000023977,
                    "children": {
                        "env_step": {
                            "total": 1083.5377949999993,
                            "count": 35789,
                            "self": 868.4168855000099,
                            "children": {
                                "SubprocessEnvManager._take_step": {
                                    "total": 214.31022889998968,
                                    "count": 35789,
                                    "self": 4.570620499986376,
                                    "children": {
                                        "TorchPolicy.evaluate": {
                                            "total": 209.7396084000033,
                                            "count": 34268,
                                            "self": 209.7396084000033
                                        }
                                    }
                                },
                                "workers": {
                                    "total": 0.8106805999996745,
                                    "count": 35788,
                                    "self": 0.0,
                                    "children": {
                                        "worker_root": {
                                            "total": 1084.3314617999984,
                                            "count": 35788,
                                            "is_parallel": true,
                                            "self": 468.8115469999915,
                                            "children": {
                                                "steps_from_proto": {
                                                    "total": 0.0011051999999995843,
                                                    "count": 1,
                                                    "is_parallel": true,