{
    "name": "root",
    "gauges": {
        "MoveToGoal.Policy.Entropy.mean": {
            "value": 1.4399991035461426,
            "min": 1.4173771142959595,
            "max": 1.4399991035461426,
            "count": 10
        },
        "MoveToGoal.Policy.Entropy.sum": {
            "value": 72071.953125,
            "min": 70797.75,
            "max": 72340.09375,
            "count": 10
        },
        "MoveToGoal.Step.mean": {
            "value": 499956.0,
            "min": 49960.0,
            "max": 499956.0,
            "count": 10
        },
        "MoveToGoal.Step.sum": {
            "value": 499956.0,
            "min": 49960.0,
            "max": 499956.0,
            "count": 10
        },
        "MoveToGoal.Policy.ExtrinsicValueEstimate.mean": {
            "value": 70.75918579101562,
            "min": 0.7562841176986694,
            "max": 70.75918579101562,
            "count": 10
        },
        "MoveToGoal.Policy.ExtrinsicValueEstimate.sum": {
            "value": 56607.3515625,
            "min": 623.1781005859375,
            "max": 56607.3515625,
            "count": 10
        },
        "MoveToGoal.Environment.EpisodeLength.mean": {
            "value": 1385.2368421052631,
            "min": 462.3777777777778,
            "max": 1401.5384615384614,
            "count": 10
        },
        "MoveToGoal.Environment.EpisodeLength.sum": {
            "value": 52639.0,
            "min": 41614.0,
            "max": 56047.0,
            "count": 10
        },
        "MoveToGoal.Environment.CumulativeReward.mean": {
            "value": 1630.9552700645045,
            "min": -10.703333150015936,
            "max": 1630.9552700645045,
            "count": 10
        },
        "MoveToGoal.Environment.CumulativeReward.sum": {
            "value": 61976.30026245117,
            "min": -963.2999835014343,
            "max": 65550.80004310608,
            "count": 10
        },
        "MoveToGoal.Policy.ExtrinsicReward.mean": {
            "value": 1630.9552700645045,
            "min": -10.703333150015936,
            "max": 1630.9552700645045,
            "count": 10
        },
        "MoveToGoal.Policy.ExtrinsicReward.sum": {
            "value": 61976.30026245117,
            "min": -963.2999835014343,
            "max": 65550.80004310608,
            "count": 10
        },
        "MoveToGoal.Losses.PolicyLoss.mean": {
            "value": 0.023015196061848354,
            "min": 0.02026565906436493,
            "max": 0.025377922986323638,
            "count": 10
        },
        "MoveToGoal.Losses.PolicyLoss.sum": {
            "value": 0.11507598030924177,
            "min": 0.09207952580569934,
            "max": 0.12688961493161818,
            "count": 10
        },
        "MoveToGoal.Losses.ValueLoss.mean": {
            "value": 4858.716640625001,
            "min": 337.7732457478841,
            "max": 4858.716640625001,
            "count": 10
        },
        "MoveToGoal.Losses.ValueLoss.sum": {
            "value": 24293.583203125003,
            "min": 1351.0929829915365,
            "max": 24293.583203125003,
            "count": 10
        },
        "MoveToGoal.Policy.LearningRate.mean": {
            "value": 1.6095454634880003e-05,
            "min": 1.6095454634880003e-05,
            "max": 0.00028455060514979996,
            "count": 10
        },
        "MoveToGoal.Policy.LearningRate.sum": {
            "value": 8.047727317440002e-05,
            "min": 8.047727317440002e-05,
            "max": 0.0012838164720612,
            "count": 10
        },
        "MoveToGoal.Policy.Epsilon.mean": {
            "value": 0.10536512,
            "min": 0.10536512,
            "max": 0.19485020000000003,
            "count": 10
        },
        "MoveToGoal.Policy.Epsilon.sum": {
            "value": 0.5268256,
            "min": 0.49969720000000006,
            "max": 0.9279388000000003,
            "count": 10
        },
        "MoveToGoal.Policy.Beta.mean": {
            "value": 0.00027771948800000017,
            "min": 0.00027771948800000017,
            "max": 0.00474302498,
            "count": 10
        },
        "MoveToGoal.Policy.Beta.sum": {
            "value": 0.0013885974400000007,
            "min": 0.0013885974400000007,
            "max": 0.021404146120000002,
            "count": 10
        },
        "MoveToGoal.IsTraining.mean": {
            "value": 1.0,
            "min": 1.0,
            "max": 1.0,
            "count": 10
        },
        "MoveToGoal.IsTraining.sum": {
            "value": 1.0,
            "min": 1.0,
            "max": 1.0,
            "count": 10
        }
    },
    "metadata": {
        "timer_format_version": "0.1.0",
        "start_time_seconds": "1689677827",
        "python_version": "3.9.13 (tags/v3.9.13:6de2ca5, May 17 2022, 16:36:42) [MSC v.1929 64 bit (AMD64)]",
        "command_line_arguments": "C:\\Users\\usuario\\Netcode Tests\\venv\\Scripts\\mlagents-learn --run-id=MoveToGoal1 --force",
        "mlagents_version": "0.30.0",
        "mlagents_envs_version": "0.30.0",
        "communication_protocol_version": "1.5.0",
        "pytorch_version": "2.0.1+cpu",
        "numpy_version": "1.21.2",
        "end_time_seconds": "1689678327"
    },
    "total": 500.47449639999996,
    "count": 1,
    "self": 0.014760199999955148,
    "children": {
        "run_training.setup": {
            "total": 0.03799669999999988,
            "count": 1,
            "self": 0.03799669999999988
        },
        "TrainerController.start_learning": {
            "total": 500.4217395,
            "count": 1,
            "self": 0.7040414999988229,
            "children": {
                "TrainerController._reset_env": {
                    "total": 12.6358367,
                    "count": 1,
                    "self": 12.6358367
                },
                "TrainerController.advance": {
                    "total": 487.00287040000114,
                    "count": 19634,
                    "self": 0.6669115999987412,
                    "children": {
                        "env_step": {
                            "total": 339.92760620000024,
                            "count": 19634,
                            "self": 316.3227858999983,
                            "children": {
                                "SubprocessEnvManager._take_step": {
                                    "total": 23.185800099998325,
                                    "count": 19634,
                                    "self": 2.0760460999979813,
                                    "children": {
                                        "TorchPolicy.evaluate": {
                                            "total": 21.109754000000343,
                                            "count": 19266,
                                            "self": 21.109754000000343
                                        }
                                    }
                                },
                                "workers": {
                                    "total": 0.4190202000036294,
                                    "count": 19634,
                                    "self": 0.0,
                                    "children": {
                                        "worker_root": {
                                            "total": 486.63038380000216,
                                            "count": 19634,
                                            "is_parallel": true,
                                            "self": 217.77498640000329,
                                            "children": {
                                                "steps_from_proto": {
                                                    "total": 0.0006080000000014962,
                                                    "count": 1,
                                                    "is_parallel": true,