{
    "name": "root",
    "gauges": {
        "RunnerAgent.Policy.Entropy.mean": {
            "value": -5.736649513244629,
            "min": -5.736649513244629,
            "max": 0.7950035333633423,
            "count": 8
        },
        "RunnerAgent.Policy.Entropy.sum": {
            "value": -57423.859375,
            "min": -57423.859375,
            "max": 8395.2373046875,
            "count": 8
        },
        "RunnerAgent.Step.mean": {
            "value": 79988.0,
            "min": 9984.0,
            "max": 79988.0,
            "count": 8
        },
        "RunnerAgent.Step.sum": {
            "value": 79988.0,
            "min": 9984.0,
            "max": 79988.0,
            "count": 8
        },
        "RunnerAgent.Policy.ExtrinsicValueEstimate.mean": {
            "value": -0.6071457862854004,
            "min": -0.6071457862854004,
            "max": 359.5675354003906,
            "count": 8
        },
        "RunnerAgent.Policy.ExtrinsicValueEstimate.sum": {
            "value": -95.32188415527344,
            "min": -95.32188415527344,
            "max": 57171.23828125,
            "count": 8
        },
        "RunnerAgent.Losses.PolicyLoss.mean": {
            "value": 0.31323160750659784,
            "min": 0.24217458068561012,
            "max": 0.31323160750659784,
            "count": 8
        },
        "RunnerAgent.Losses.PolicyLoss.sum": {
            "value": 24.74529699302123,
            "min": 3.3904441295985417,
            "max": 24.74529699302123,
            "count": 8
        },
        "RunnerAgent.Losses.ValueLoss.mean": {
            "value": 0.4588407912444084,
            "min": 0.4588407912444084,
            "max": 5132.289379882316,
            "count": 8
        },
        "RunnerAgent.Losses.ValueLoss.sum": {
            "value": 36.248422508308266,
            "min": 36.248422508308266,
            "max": 230953.0220947042,
            "count": 8
        },
        "RunnerAgent.Policy.LearningRate.mean": {
            "value": 0.00025500241499919993,
            "min": 0.00025500241499919993,
            "max": 0.000296832001056,
            "count": 8
        },
        "RunnerAgent.Policy.LearningRate.sum": {
            "value": 0.020145190784936796,
            "min": 0.004155648014784,
            "max": 0.021656897181034397,
            "count": 8
        },
        "RunnerAgent.Policy.Epsilon.mean": {
            "value": 0.18500080000000002,
            "min": 0.18500080000000002,
            "max": 0.198944,
            "count": 8
        },
        "RunnerAgent.Policy.Epsilon.sum": {
            "value": 14.615063200000002,
            "min": 2.785216,
            "max": 14.818965600000002,
            "count": 8
        },
        "RunnerAgent.Policy.Beta.mean": {
            "value": 0.0005000000000000001,
            "min": 0.0005000000000000001,
            "max": 0.0005000000000000003,
            "count": 8
        },
        "RunnerAgent.Policy.Beta.sum": {
            "value": 0.03950000000000001,
            "min": 0.0070000000000000045,
            "max": 0.03950000000000001,
            "count": 8
        },
        "RunnerAgent.Losses.PretrainingLoss.mean": {
            "value": 0.025968198298448625,
            "min": 0.025968198298448625,
            "max": 0.44519638116186366,
            "count": 8
        },
        "RunnerAgent.Losses.PretrainingLoss.sum": {
            "value": 2.0514876655774414,
            "min": 2.0514876655774414,
            "max": 6.2327493362660915,
            "count": 8
        },
        "RunnerAgent.IsTraining.mean": {
            "value": 1.0,
            "min": 1.0,
            "max": 1.0,
            "count": 8
        },
        "RunnerAgent.IsTraining.sum": {
            "value": 1.0,
            "min": 1.0,
            "max": 1.0,
            "count": 8
        },
        "RunnerAgent.Environment.EpisodeLength.mean": {
            "value": 384.5,
            "min": 384.5,
            "max": 1407.7142857142858,
            "count": 5
        },
        "RunnerAgent.Environment.EpisodeLength.sum": {
            "value": 769.0,
            "min": 769.0,
            "max": 14281.0,
            "count": 5
        },
        "RunnerAgent.Environment.CumulativeReward.mean": {
            "value": 699.6950492858887,
            "min": 699.6950492858887,
            "max": 4610.379779627377,
            "count": 5
        },
        "RunnerAgent.Environment.CumulativeReward.sum": {
            "value": 1399.3900985717773,
            "min": 1399.3900985717773,
            "max": 44608.63923236448,
            "count": 5
        },
        "RunnerAgent.Policy.ExtrinsicReward.mean": {
            "value": 699.6950492858887,
            "min": 699.6950492858887,
            "max": 4610.379779627377,
            "count": 5
        },
        "RunnerAgent.Policy.ExtrinsicReward.sum": {
            "value": 1399.3900985717773,
            "min": 1399.3900985717773,
            "max": 44608.63923236448,
            "count": 5
        }
    },
    "metadata": {
        "timer_format_version": "0.1.0",
        "start_time_seconds": "1717672676",
        "python_version": "3.9.13 (tags/v3.9.13:6de2ca5, May 17 2022, 16:36:42) [MSC v.1929 64 bit (AMD64)]",
        "command_line_arguments": "C:\\Users\\usuario\\AppData\\Local\\Programs\\Python\\Python39\\Scripts\\mlagents-learn config/runnerAgentBC.yaml --run-id=AddingPhysics9",
        "mlagents_version": "0.30.0",
        "mlagents_envs_version": "0.30.0",
        "communication_protocol_version": "1.5.0",
        "pytorch_version": "2.3.0+cpu",
        "numpy_version": "1.21.2",
        "end_time_seconds": "1717674786"
    },
    "total": 2109.2327659,
    "count": 1,
    "self": 0.010576799999398645,
    "children": {
        "run_training.setup": {
            "total": 0.08868220000000004,
            "count": 1,
            "self": 0.08868220000000004
        },
        "TrainerController.start_learning": {
            "total": 2109.1335069,
            "count": 1,
            "self": 0.23492979999809904,
            "children": {
                "TrainerController._reset_env": {
                    "total": 10.059268900000001,
                    "count": 1,
                    "self": 9.0856308,
                    "children": {
                        "demo_to_buffer": {
                            "total": 0.9736381000000005,
                            "count": 1,
                            "self": 5.739999999931911e-05,
                            "children": {
                                "load_demonstration": {
                                    "total": 0.014344900000001104,
                                    "count": 1,
                                    "self": 0.013819300000001533,
                                    "children": {
                                        "read_file": {
                                            "total": 0.0005255999999995709,
                                            "count": 1,
                                            "self": 0.0005255999999995709
                                        }
                                    }
                                },
                                "make_demo_buffer": {
                                    "total": 0.9592358000000001,
                                    "count": 1,
                                    "self": 0.1357832999998987,
                                    "children": {
                                        "steps_from_proto": {
                                            "total": 0.8234525000001014,
                                            "count": 5058,
                                            "self": 0.3386706999999891,
                                            "children": {
                                                "_process_rank_one_or_two_observation": {
                                                    "total": 0.4847818000001123,