{"count":1,"self":21.6883888,"total":22.4351299,"children":{"InitializeActuators":{"count":31,"self":0.0019990999999999997,"total":0.0019990999999999997,"children":null},"InitializeSensors":{"count":31,"self":0.0029985999999999997,"total":0.0029985999999999997,"children":null},"AgentSendState":{"count":856,"self":0.41593209999999997,"total":0.45492059999999995,"children":{"CollectObservations":{"count":5332,"self":0.0110642,"total":0.0110642,"children":null},"WriteActionMask":{"count":5332,"self":0.0020009999999999997,"total":0.0020009999999999997,"children":null},"RequestDecision":{"count":5332,"self":0.0259233,"total":0.0259233,"children":null}}},"DecideAction":{"count":856,"self":0.23590029999999998,"total":0.2628398,"children":{"RayPerceptionSensor.Perceive":{"count":10664,"self":0.026939499999999998,"total":0.026939499999999998,"children":null}}},"AgentAct":{"count":856,"self":0.0229841,"total":0.0229841,"children":null}},"gauges":{"RunnerAgent.CumulativeReward":{"count":24,"max":399.708221,"min":-0.7440017,"runningAverage":66.14384,"value":99.23869,"weightedAverage":81.65021}},"metadata":{"timer_format_version":"0.1.0","start_time_seconds":"1720009427","unity_version":"2021.3.25f1","command_line_arguments":"C:\\Program Files\\Unity\\Hub\\Editor\\2021.3.25f1\\Editor\\Unity.exe -projectpath C:\\Users\\inituser\\Documents\\GitHub\\Fitoon -useHub -hubIPC -cloudEnvironment production -licensingIpc LicenseClient-inituser -hubSessionId 55c0802e-3d48-44a7-a634-91620046f428 -accessToken JimOCjGBd2n7JI5c1c1kUkFLkVi4RQd2exKGY7F91dA001f","communication_protocol_version":"1.5.0","com.unity.ml-agents_version":"2.0.1","scene_name":"DragonRoadsAR","end_time_seconds":"1720009449"}}