{"count":1,"self":136.3187328,"total":138.66508,"children":{"InitializeActuators":{"count":31,"self":0.0020012999999999997,"total":0.0020012999999999997,"children":null},"InitializeSensors":{"count":31,"self":0.0039981999999999995,"total":0.0039981999999999995,"children":null},"AgentSendState":{"count":3962,"self":1.3847295,"total":1.4784853,"children":{"CollectObservations":{"count":21080,"self":0.0304984,"total":0.0304984,"children":null},"WriteActionMask":{"count":21080,"self":0.019183099999999998,"total":0.019183099999999998,"children":null},"RequestDecision":{"count":21080,"self":0.0440743,"total":0.0440743,"children":null}}},"DecideAction":{"count":3962,"self":0.6981913,"total":0.7805147,"children":{"RayPerceptionSensor.Perceive":{"count":42160,"self":0.082323399999999991,"total":0.082323399999999991,"children":null}}},"AgentAct":{"count":3962,"self":0.081349499999999991,"total":0.081349499999999991,"children":null}},"gauges":{"RunnerAgent.CumulativeReward":{"count":14,"max":3197.649,"min":-0.0396033674,"runningAverage":2327.05176,"value":2997.93018,"weightedAverage":2813.109}},"metadata":{"timer_format_version":"0.1.0","start_time_seconds":"1718871919","unity_version":"2021.3.25f1","command_line_arguments":"C:\\Program Files\\Unity\\Hub\\Editor\\2021.3.25f1\\Editor\\Unity.exe -projectpath E:\\UJI\\INIT\\ProyectoFitoon\\Fitoon -useHub -hubIPC -cloudEnvironment production -licensingIpc LicenseClient-Nadia -hubSessionId 2c0561ea-22ca-481c-9897-8479e36d1790 -accessToken 4HEB21vh8SPn1ILXFWX5W--OaJLsfYbPlqhVe74xNyU001f","communication_protocol_version":"1.5.0","com.unity.ml-agents_version":"2.0.1","scene_name":"MLBots","end_time_seconds":"1718872058"}}