{
    "name": "root",
    "metadata": {
        "timer_format_version": "0.1.0",
        "start_time_seconds": "1718009279",
        "python_version": "3.9.13 (tags/v3.9.13:6de2ca5, May 17 2022, 16:36:42) [MSC v.1929 64 bit (AMD64)]",
        "command_line_arguments": "C:\\Users\\usuario\\AppData\\Local\\Programs\\Python\\Python39\\Scripts\\mlagents-learn config/runnerAgentBCGail.yaml --initialize-from=AddingPhysics8 --run-id=AddGailToBC",
        "mlagents_version": "0.30.0",
        "mlagents_envs_version": "0.30.0",
        "communication_protocol_version": "1.5.0",
        "pytorch_version": "2.3.0+cpu",
        "numpy_version": "1.21.2",
        "end_time_seconds": "1718009345"
    },
    "total": 65.1458619,
    "count": 1,
    "self": 0.006926100000001156,
    "children": {
        "run_training.setup": {
            "total": 0.22786760000000017,
            "count": 1,
            "self": 0.22786760000000017
        },
        "TrainerController.start_learning": {
            "total": 64.9110682,
            "count": 1,
            "self": 0.00417860000000303,
            "children": {
                "TrainerController._reset_env": {
                    "total": 37.2731041,
                    "count": 1,
                    "self": 35.474806300000004,
                    "children": {
                        "demo_to_buffer": {
                            "total": 1.7982977999999932,
                            "count": 2,
                            "self": 0.00010249999998634962,
                            "children": {
                                "load_demonstration": {
                                    "total": 0.03217550000000102,
                                    "count": 2,
                                    "self": 0.03118650000000045,
                                    "children": {
                                        "read_file": {
                                            "total": 0.0009890000000005728,
                                            "count": 2,
                                            "self": 0.0009890000000005728
                                        }
                                    }
                                },
                                "make_demo_buffer": {
                                    "total": 1.7660198000000058,
                                    "count": 2,
                                    "self": 0.24127560000024673,
                                    "children": {
                                        "steps_from_proto": {
                                            "total": 1.524744199999759,
                                            "count": 10116,
                                            "self": 0.6206376999999286,
                                            "children": {
                                                "_process_rank_one_or_two_observation": {
                                                    "total": 0.9041064999998305,
                                                    "count": 60696,
                                                    "self": 0.9041064999998305
                                                }
                                            }
                                        }
                                    }
                                }
                            }
                        }
                    }
                },
                "TrainerController.advance": {
                    "total": 27.512080499999996,
                    "count": 133,
                    "self": 0.0031537000000270154,
                    "children": {
                        "env_step": {
                            "total": 7.521207699999998,
                            "count": 133,
                            "self": 7.380038799999923,
                            "children": {
                                "SubprocessEnvManager._take_step": {
                                    "total": 0.13923380000007057,
                                    "count": 133,
                                    "self": 0.009679800000007788,
                                    "children": {
                                        "TorchPolicy.evaluate": {
                                            "total": 0.12955400000006279,
                                            "count": 131,
                                            "self": 0.12955400000006279
                                        }
                                    }
                                },
                                "workers": {
                                    "total": 0.0019351000000042973,
                                    "count": 132,
                                    "self": 0.0,
                                    "children": {
                                        "worker_root": {
                                            "total": 28.26678809999999,
                                            "count": 132,
                                            "is_parallel": true,
                                            "self": 26.469981199999967,
                                            "children": {
                                                "steps_from_proto": {
                                                    "total": 0.0009445999999968535,
                                                    "count": 1,
                                                    "is_parallel": true,
                                                    "self": 0.00020310000000023365,
                                                    "children": {
                                                        "_process_rank_one_or_two_observation": {
                                                            "total": 0.0007414999999966199,
                                                            "count": 6,
                                                            "is_parallel": true,
                                                            "self": 0.0007414999999966199
                                                        }
                                                    }
                                                },
                                                "UnityEnvironment.step": {
                                                    "total": 1.7958623000000244,
                                                    "count": 132,
                                                    "is_parallel": true,
                                                    "self": 0.026489000000012197,
                                                    "children": {
                                                        "UnityEnvironment._generate_step_input": {
                                                            "total": 0.027046100000035267,
                                                            "count": 132,
                                                            "is_parallel": true,
                                                            "self": 0.027046100000035267
                                                        },
                                                        "communicator.exchange": {
                                                            "total": 1.669972200000018,
                                                            "count": 132,
                                                            "is_parallel": true,
                                                            "self": 1.669972200000018
                                                        },
                                                        "steps_from_proto": {
                                                            "total": 0.07235499999995909,
                                                            "count": 132,
                                                            "is_parallel": true,