{
    "name": "root",
    "gauges": {
        "MoveToGoal.Policy.Entropy.mean": {
            "value": 0.553351640701294,
            "min": 0.553351640701294,
            "max": 0.5927264094352722,
            "count": 14
        },
        "MoveToGoal.Policy.Entropy.sum": {
            "value": 28402.43359375,
            "min": 25643.71484375,
            "max": 33696.06640625,
            "count": 14
        },
        "MoveToGoal.Environment.EpisodeLength.mean": {
            "value": 205.65236051502146,
            "min": 195.83333333333334,
            "max": 206.6547619047619,
            "count": 14
        },
        "MoveToGoal.Environment.EpisodeLength.sum": {
            "value": 47917.0,
            "min": 27025.0,
            "max": 53339.0,
            "count": 14
        },
        "MoveToGoal.Step.mean": {
            "value": 9699939.0,
            "min": 9049964.0,
            "max": 9699939.0,
            "count": 14
        },
        "MoveToGoal.Step.sum": {
            "value": 9699939.0,
            "min": 9049964.0,
            "max": 9699939.0,
            "count": 14
        },
        "MoveToGoal.Policy.ExtrinsicValueEstimate.mean": {
            "value": 743.3477783203125,
            "min": 625.5640869140625,
            "max": 754.7328491210938,
            "count": 14
        },
        "MoveToGoal.Policy.ExtrinsicValueEstimate.sum": {
            "value": 713613.875,
            "min": 466045.25,
            "max": 735109.8125,
            "count": 14
        },
        "MoveToGoal.Environment.CumulativeReward.mean": {
            "value": 1897.1420064770612,
            "min": 1586.2679347162662,
            "max": 1897.1679321443191,
            "count": 14
        },
        "MoveToGoal.Environment.CumulativeReward.sum": {
            "value": 442034.0875091553,
            "min": 218904.97499084473,
            "max": 477825.06230163574,
            "count": 14
        },
        "MoveToGoal.Policy.ExtrinsicReward.mean": {
            "value": 1897.1420064770612,
            "min": 1586.2679347162662,
            "max": 1897.1679321443191,
            "count": 14
        },
        "MoveToGoal.Policy.ExtrinsicReward.sum": {
            "value": 442034.0875091553,
            "min": 218904.97499084473,
            "max": 477825.06230163574,
            "count": 14
        },
        "MoveToGoal.Losses.PolicyLoss.mean": {
            "value": 0.020028118616125235,
            "min": 0.020028118616125235,
            "max": 0.02689936564769596,
            "count": 14
        },
        "MoveToGoal.Losses.PolicyLoss.sum": {
            "value": 0.10014059308062617,
            "min": 0.06980755827389658,
            "max": 0.1344968282384798,
            "count": 14
        },
        "MoveToGoal.Losses.ValueLoss.mean": {
            "value": 69.79519121805826,
            "min": 69.79519121805826,
            "max": 1155.7442159016925,
            "count": 14
        },
        "MoveToGoal.Losses.ValueLoss.sum": {
            "value": 348.97595609029133,
            "min": 346.85337460835774,
            "max": 5778.721079508463,
            "count": 14
        },
        "MoveToGoal.Policy.LearningRate.mean": {
            "value": 0.00024194734455089162,
            "min": 0.00024194734455089162,
            "max": 0.00024581811206063537,
            "count": 14
        },
        "MoveToGoal.Policy.LearningRate.sum": {
            "value": 0.0012097367227544582,
            "min": 0.0007374543361819061,
            "max": 0.001227818982727036,
            "count": 14
        },
        "MoveToGoal.Policy.Epsilon.mean": {
            "value": 0.18064910839999998,
            "min": 0.18064910839999998,
            "max": 0.18193936466666663,
            "count": 14
        },
        "MoveToGoal.Policy.Epsilon.sum": {
            "value": 0.903245542,
            "min": 0.5458180939999999,
            "max": 0.9092729640000001,
            "count": 14
        },
        "MoveToGoal.Policy.Beta.mean": {
            "value": 0.004034390509159999,
            "min": 0.004034390509159999,
            "max": 0.004098774296866666,
            "count": 14
        },
        "MoveToGoal.Policy.Beta.sum": {
            "value": 0.020171952545799995,
            "min": 0.012296322890599998,
            "max": 0.0204727209036,
            "count": 14
        },
        "MoveToGoal.IsTraining.mean": {
            "value": 1.0,
            "min": 1.0,
            "max": 1.0,
            "count": 14
        },
        "MoveToGoal.IsTraining.sum": {
            "value": 1.0,
            "min": 1.0,
            "max": 1.0,
            "count": 14
        }
    },
    "metadata": {
        "timer_format_version": "0.1.0",
        "start_time_seconds": "1689922782",
        "python_version": "3.9.13 (tags/v3.9.13:6de2ca5, May 17 2022, 16:36:42) [MSC v.1929 64 bit (AMD64)]",
        "command_line_arguments": "C:\\Users\\usuario\\Netcode Tests\\venv\\Scripts\\mlagents-learn results/configuration2.yaml --run-id=Try2 --resume",
        "mlagents_version": "0.30.0",
        "mlagents_envs_version": "0.30.0",
        "communication_protocol_version": "1.5.0",
        "pytorch_version": "2.0.1+cpu",
        "numpy_version": "1.21.2",
        "end_time_seconds": "1689923480"
    },
    "total": 698.4747905,
    "count": 1,
    "self": 0.008920800000055351,
    "children": {
        "run_training.setup": {
            "total": 0.11952089999999993,
            "count": 1,
            "self": 0.11952089999999993
        },
        "TrainerController.start_learning": {
            "total": 698.3463488,
            "count": 1,
            "self": 1.3889022999964027,
            "children": {
                "TrainerController._reset_env": {
                    "total": 9.9753873,
                    "count": 1,
                    "self": 9.9753873
                },
                "TrainerController.advance": {
                    "total": 686.4746078000037,
                    "count": 8041,
                    "self": 0.1629825000029541,
                    "children": {
                        "env_step": {
                            "total": 686.3116253000007,
                            "count": 8041,
                            "self": 621.716884700003,
                            "children": {
                                "SubprocessEnvManager._take_step": {
                                    "total": 64.40247519999733,
                                    "count": 8042,
                                    "self": 1.1565796999961933,
                                    "children": {
                                        "TorchPolicy.evaluate": {
                                            "total": 63.24589550000113,
                                            "count": 5516,
                                            "self": 63.24589550000113
                                        }
                                    }
                                },
                                "workers": {
                                    "total": 0.19226540000037318,
                                    "count": 8040,
                                    "self": 0.0,
                                    "children": {
                                        "worker_root": {
                                            "total": 666.5902128999967,
                                            "count": 8040,
                                            "is_parallel": true,
                                            "self": 236.03298459999792,
                                            "children": {
                                                "steps_from_proto": {
                                                    "total": 0.0066977999999977555,
                                                    "count": 2,
                                                    "is_parallel": true,