{
    "name": "root",
    "gauges": {
        "RunnerAgent.Policy.Entropy.mean": {
            "value": -6.967190742492676,
            "min": -6.967190742492676,
            "max": -5.550327777862549,
            "count": 18
        },
        "RunnerAgent.Policy.Entropy.sum": {
            "value": -70201.4140625,
            "min": -70201.4140625,
            "max": -57139.0859375,
            "count": 18
        },
        "RunnerAgent.Environment.EpisodeLength.mean": {
            "value": 273.7142857142857,
            "min": 199.97222222222223,
            "max": 380.6296296296296,
            "count": 18
        },
        "RunnerAgent.Environment.EpisodeLength.sum": {
            "value": 11496.0,
            "min": 7199.0,
            "max": 11496.0,
            "count": 18
        },
        "RunnerAgent.Step.mean": {
            "value": 179958.0,
            "min": 9987.0,
            "max": 179958.0,
            "count": 18
        },
        "RunnerAgent.Step.sum": {
            "value": 179958.0,
            "min": 9987.0,
            "max": 179958.0,
            "count": 18
        },
        "RunnerAgent.Policy.ExtrinsicValueEstimate.mean": {
            "value": -39.06507873535156,
            "min": -52.43202209472656,
            "max": 48.777130126953125,
            "count": 18
        },
        "RunnerAgent.Policy.ExtrinsicValueEstimate.sum": {
            "value": -6914.51904296875,
            "min": -9228.0361328125,
            "max": 8633.5517578125,
            "count": 18
        },
        "RunnerAgent.Policy.GailValueEstimate.mean": {
            "value": 11.585424423217773,
            "min": 9.18151569366455,
            "max": 18.7906436920166,
            "count": 18
        },
        "RunnerAgent.Policy.GailValueEstimate.sum": {
            "value": 2050.6201171875,
            "min": 1671.035888671875,
            "max": 3175.61865234375,
            "count": 18
        },
        "RunnerAgent.Environment.CumulativeReward.mean": {
            "value": 1.802886297815435,
            "min": -13.59751308664319,
            "max": 95.44518684974776,
            "count": 18
        },
        "RunnerAgent.Environment.CumulativeReward.sum": {
            "value": 75.72122450824827,
            "min": -550.0282688434236,
            "max": 2995.1091658063233,
            "count": 18
        },
        "RunnerAgent.Policy.ExtrinsicReward.mean": {
            "value": 1.802886297815435,
            "min": -13.59751308664319,
            "max": 95.44518684974776,
            "count": 18
        },
        "RunnerAgent.Policy.ExtrinsicReward.sum": {
            "value": 75.72122450824827,
            "min": -550.0282688434236,
            "max": 2995.1091658063233,
            "count": 18
        },
        "RunnerAgent.Policy.GailReward.mean": {
            "value": 39.599246996854035,
            "min": 33.02910138522425,
            "max": 95.6274981142746,
            "count": 18
        },
        "RunnerAgent.Policy.GailReward.sum": {
            "value": 1663.1683738678694,
            "min": 1023.9021429419518,
            "max": 2753.103172555566,
            "count": 18
        },
        "RunnerAgent.Losses.PolicyLoss.mean": {
            "value": 0.3304459542878235,
            "min": 0.3199212143646636,
            "max": 0.33260174027603095,
            "count": 18
        },
        "RunnerAgent.Losses.PolicyLoss.sum": {
            "value": 24.78344657158676,
            "min": 21.197405871735196,
            "max": 25.610334001254383,
            "count": 18
        },
        "RunnerAgent.Losses.ValueLoss.mean": {
            "value": 3453.3878587613453,
            "min": 2646.573628011712,
            "max": 7139.371322522963,
            "count": 18
        },
        "RunnerAgent.Losses.ValueLoss.sum": {
            "value": 259004.0894071009,
            "min": 195846.4484728667,
            "max": 535452.8491892222,
            "count": 18
        },
        "RunnerAgent.Policy.LearningRate.mean": {
            "value": 0.000195033082988984,
            "min": 0.000195033082988984,
            "max": 0.0002966067738583485,
            "count": 18
        },
        "RunnerAgent.Policy.LearningRate.sum": {
            "value": 0.0146274812241738,
            "min": 0.0146274812241738,
            "max": 0.0224080784306406,
            "count": 18
        },
        "RunnerAgent.Policy.Epsilon.mean": {
            "value": 0.16501101600000004,
            "min": 0.16501101600000004,
            "max": 0.19886892424242425,
            "count": 18
        },
        "RunnerAgent.Policy.Epsilon.sum": {
            "value": 12.375826200000002,
            "min": 12.375826200000002,
            "max": 15.169359400000003,
            "count": 18
        },
        "RunnerAgent.Policy.Beta.mean": {
            "value": 0.0005000000000000001,
            "min": 0.0005,
            "max": 0.0005000000000000001,
            "count": 18
        },
        "RunnerAgent.Policy.Beta.sum": {
            "value": 0.037500000000000006,
            "min": 0.033,
            "max": 0.038500000000000006,
            "count": 18
        },
        "RunnerAgent.Policy.GAILPolicyEstimate.mean": {
            "value": 0.1963527243618455,
            "min": 0.17285406648821275,
            "max": 0.3609101814624337,
            "count": 18
        },
        "RunnerAgent.Policy.GAILPolicyEstimate.sum": {
            "value": 14.726454327138413,
            "min": 12.791200920127743,
            "max": 27.790083972607395,
            "count": 18
        },
        "RunnerAgent.Policy.GAILExpertEstimate.mean": {
            "value": 0.8111246602778256,
            "min": 0.6669165771924473,
            "max": 0.8142134091742522,
            "count": 18
        },
        "RunnerAgent.Policy.GAILExpertEstimate.sum": {
            "value": 60.834349520836916,
            "min": 44.48428956582218,
            "max": 60.834349520836916,
            "count": 18
        },
        "RunnerAgent.Losses.GAILLoss.mean": {
            "value": 0.548746311310087,
            "min": 0.4945421743977311,
            "max": 0.9390130878989079,
            "count": 18
        },
        "RunnerAgent.Losses.GAILLoss.sum": {
            "value": 41.15597334825652,
            "min": 36.5961209054321,
            "max": 72.30400776821591,
            "count": 18
        },
        "RunnerAgent.Policy.GAILGradMagLoss.mean": {
            "value": 0.041649860306034965,
            "min": 0.03724242085493477,
            "max": 0.1383302594096816,
            "count": 18
        },
        "RunnerAgent.Policy.GAILGradMagLoss.sum": {
            "value": 3.123739522952622,
            "min": 2.754913573179629,
            "max": 9.129797121038987,
            "count": 18
        },
        "RunnerAgent.Losses.PretrainingLoss.mean": {
            "value": 0.013686323357086473,
            "min": 0.013686323357086473,
            "max": 0.026940126020073174,
            "count": 18
        },
        "RunnerAgent.Losses.PretrainingLoss.sum": {
            "value": 1.0264742517814855,
            "min": 1.0264742517814855,
            "max": 1.9500077658325339,
            "count": 18
        },
        "RunnerAgent.IsTraining.mean": {
            "value": 1.0,
            "min": 1.0,
            "max": 1.0,
            "count": 18
        },
        "RunnerAgent.IsTraining.sum": {
            "value": 1.0,
            "min": 1.0,
            "max": 1.0,
            "count": 18
        }
    },
    "metadata": {
        "timer_format_version": "0.1.0",
        "start_time_seconds": "1718009463",
        "python_version": "3.9.13 (tags/v3.9.13:6de2ca5, May 17 2022, 16:36:42) [MSC v.1929 64 bit (AMD64)]",
        "command_line_arguments": "C:\\Users\\usuario\\AppData\\Local\\Programs\\Python\\Python39\\Scripts\\mlagents-learn config/runnerAgentBCGail.yaml --initialize-from=AddingPhysics8 --run-id=AddGailToBC2",
        "mlagents_version": "0.30.0",