{
    "name": "root",
    "gauges": {
        "MoveToGoal.Policy.Entropy.mean": {
            "value": 1.4504945278167725,
            "min": 1.4330217838287354,
            "max": 1.4505118131637573,
            "count": 10
        },
        "MoveToGoal.Policy.Entropy.sum": {
            "value": 72597.25,
            "min": 68642.9140625,
            "max": 80514.1875,
            "count": 10
        },
        "MoveToGoal.Step.mean": {
            "value": 499959.0,
            "min": 49948.0,
            "max": 499959.0,
            "count": 10
        },
        "MoveToGoal.Step.sum": {
            "value": 499959.0,
            "min": 49948.0,
            "max": 499959.0,
            "count": 10
        },
        "MoveToGoal.Policy.ExtrinsicValueEstimate.mean": {
            "value": 91.9545669555664,
            "min": 56.74171829223633,
            "max": 106.66007995605469,
            "count": 10
        },
        "MoveToGoal.Policy.ExtrinsicValueEstimate.sum": {
            "value": 72368.2421875,
            "min": 44428.765625,
            "max": 84794.765625,
            "count": 10
        },
        "MoveToGoal.Losses.PolicyLoss.mean": {
            "value": 0.02451225282391533,
            "min": 0.022698806143986682,
            "max": 0.026615447853045125,
            "count": 10
        },
        "MoveToGoal.Losses.PolicyLoss.sum": {
            "value": 0.12256126411957666,
            "min": 0.0693526985560311,
            "max": 0.12995729661003375,
            "count": 10
        },
        "MoveToGoal.Losses.ValueLoss.mean": {
            "value": 755.6664903259278,
            "min": 48.10857388708326,
            "max": 13133.688243166605,
            "count": 10
        },
        "MoveToGoal.Losses.ValueLoss.sum": {
            "value": 3778.3324516296393,
            "min": 144.3257216612498,
            "max": 65668.44121583302,
            "count": 10
        },
        "MoveToGoal.Policy.LearningRate.mean": {
            "value": 1.711857429384e-05,
            "min": 1.711857429384e-05,
            "max": 0.00028010080663306663,
            "count": 10
        },
        "MoveToGoal.Policy.LearningRate.sum": {
            "value": 8.55928714692e-05,
            "min": 8.55928714692e-05,
            "max": 0.0008403024198991998,
            "count": 10
        },
        "MoveToGoal.Policy.Epsilon.mean": {
            "value": 0.10570616,
            "min": 0.10570616,
            "max": 0.19336693333333332,
            "count": 10
        },
        "MoveToGoal.Policy.Epsilon.sum": {
            "value": 0.5285308,
            "min": 0.46001460000000005,
            "max": 0.7762161999999999,
            "count": 10
        },
        "MoveToGoal.Policy.Beta.mean": {
            "value": 0.00029473738400000014,
            "min": 0.00029473738400000014,
            "max": 0.004669009973333333,
            "count": 10
        },
        "MoveToGoal.Policy.Beta.sum": {
            "value": 0.0014736869200000008,
            "min": 0.0014736869200000008,
            "max": 0.01400702992,
            "count": 10
        },
        "MoveToGoal.Environment.EpisodeLength.mean": {
            "value": 890.8888888888889,
            "min": 240.71428571428572,
            "max": 1513.0681818181818,
            "count": 10
        },
        "MoveToGoal.Environment.EpisodeLength.sum": {
            "value": 8018.0,
            "min": 1685.0,
            "max": 162693.0,
            "count": 10
        },
        "MoveToGoal.Environment.CumulativeReward.mean": {
            "value": 950.6999901665581,
            "min": -10.857140268598284,
            "max": 1776.6666697140397,
            "count": 10
        },
        "MoveToGoal.Environment.CumulativeReward.sum": {
            "value": 8556.299911499023,
            "min": -75.99998188018799,
            "max": 194885.30012893677,
            "count": 10
        },
        "MoveToGoal.Policy.ExtrinsicReward.mean": {
            "value": 950.6999901665581,
            "min": -10.857140268598284,
            "max": 1776.6666697140397,
            "count": 10
        },
        "MoveToGoal.Policy.ExtrinsicReward.sum": {
            "value": 8556.299911499023,
            "min": -75.99998188018799,
            "max": 194885.30012893677,
            "count": 10
        },
        "MoveToGoal.IsTraining.mean": {
            "value": 1.0,
            "min": 1.0,
            "max": 1.0,
            "count": 10
        },
        "MoveToGoal.IsTraining.sum": {
            "value": 1.0,
            "min": 1.0,
            "max": 1.0,
            "count": 10
        }
    },
    "metadata": {
        "timer_format_version": "0.1.0",
        "start_time_seconds": "1689680086",
        "python_version": "3.9.13 (tags/v3.9.13:6de2ca5, May 17 2022, 16:36:42) [MSC v.1929 64 bit (AMD64)]",
        "command_line_arguments": "C:\\Users\\usuario\\Netcode Tests\\venv\\Scripts\\mlagents-learn results/MoveToGoal2/configuration.yaml --initialize-from=MoveToGoal2 --run-id=MoveToGoal3 --force",
        "mlagents_version": "0.30.0",
        "mlagents_envs_version": "0.30.0",
        "communication_protocol_version": "1.5.0",
        "pytorch_version": "2.0.1+cpu",
        "numpy_version": "1.21.2",
        "end_time_seconds": "1689680443"
    },
    "total": 356.5478947,
    "count": 1,
    "self": 0.012694800000019768,
    "children": {
        "run_training.setup": {
            "total": 0.10737370000000013,
            "count": 1,
            "self": 0.10737370000000013
        },
        "TrainerController.start_learning": {
            "total": 356.42782619999997,
            "count": 1,
            "self": 0.17110700000012002,
            "children": {
                "TrainerController._reset_env": {
                    "total": 14.4565594,
                    "count": 1,
                    "self": 14.4565594
                },
                "TrainerController.advance": {
                    "total": 341.72126129999987,
                    "count": 4100,
                    "self": 0.16014649999834774,
                    "children": {
                        "env_step": {
                            "total": 188.25773280000018,
                            "count": 4100,
                            "self": 181.467029500001,
                            "children": {
                                "SubprocessEnvManager._take_step": {
                                    "total": 6.702776300000078,
                                    "count": 4100,
                                    "self": 0.7375567000005994,
                                    "children": {
                                        "TorchPolicy.evaluate": {
                                            "total": 5.965219599999479,
                                            "count": 3879,
                                            "self": 5.965219599999479
                                        }
                                    }
                                },
                                "workers": {
                                    "total": 0.0879269999991159,
                                    "count": 4100,
                                    "self": 0.0,
                                    "children": {
                                        "worker_root": {
                                            "total": 341.55833959999995,
                                            "count": 4100,
                                            "is_parallel": true,
                                            "self": 190.51389430000077,
                                            "children": {
                                                "steps_from_proto": {
                                                    "total": 0.0016552000000000788,
                                                    "count": 1,
                                                    "is_parallel": true,