{
    "name": "root",
    "gauges": {
        "MoveToGoal.Policy.Entropy.mean": {
            "value": 0.2241969257593155,
            "min": 0.22289077937602997,
            "max": 0.2535495460033417,
            "count": 41
        },
        "MoveToGoal.Policy.Entropy.sum": {
            "value": 10933.6357421875,
            "min": 4154.15576171875,
            "max": 12738.4580078125,
            "count": 41
        },
        "MoveToGoal.Environment.EpisodeLength.mean": {
            "value": 427.32089552238807,
            "min": 33.0,
            "max": 504.05645161290323,
            "count": 41
        },
        "MoveToGoal.Environment.EpisodeLength.sum": {
            "value": 57261.0,
            "min": 33.0,
            "max": 70350.0,
            "count": 41
        },
        "MoveToGoal.Step.mean": {
            "value": 10349946.0,
            "min": 8349969.0,
            "max": 10349946.0,
            "count": 41
        },
        "MoveToGoal.Step.sum": {
            "value": 10349946.0,
            "min": 8349969.0,
            "max": 10349946.0,
            "count": 41
        },
        "MoveToGoal.Policy.ExtrinsicValueEstimate.mean": {
            "value": 898.0713500976562,
            "min": 297.2626037597656,
            "max": 1005.6920776367188,
            "count": 41
        },
        "MoveToGoal.Policy.ExtrinsicValueEstimate.sum": {
            "value": 743603.0625,
            "min": 51426.4296875,
            "max": 809582.125,
            "count": 41
        },
        "MoveToGoal.Environment.CumulativeReward.mean": {
            "value": 4331.733236039808,
            "min": -0.03299713134765625,
            "max": 5273.856704678155,
            "count": 41
        },
        "MoveToGoal.Environment.CumulativeReward.sum": {
            "value": 580452.2536293343,
            "min": -0.03299713134765625,
            "max": 711152.8830833435,
            "count": 41
        },
        "MoveToGoal.Policy.ExtrinsicReward.mean": {
            "value": 4331.733236039808,
            "min": -0.03299713134765625,
            "max": 5273.856704678155,
            "count": 41
        },
        "MoveToGoal.Policy.ExtrinsicReward.sum": {
            "value": 580452.2536293343,
            "min": -0.03299713134765625,
            "max": 711152.8830833435,
            "count": 41
        },
        "MoveToGoal.Losses.PolicyLoss.mean": {
            "value": 0.02246439498461162,
            "min": 0.019922995688393712,
            "max": 0.03314743774632613,
            "count": 41
        },
        "MoveToGoal.Losses.PolicyLoss.sum": {
            "value": 0.08985757993844648,
            "min": 0.03314743774632613,
            "max": 0.13664605530599755,
            "count": 41
        },
        "MoveToGoal.Losses.ValueLoss.mean": {
            "value": 6969.069657389323,
            "min": 2498.410917154948,
            "max": 21873.93259440104,
            "count": 41
        },
        "MoveToGoal.Losses.ValueLoss.sum": {
            "value": 27876.27862955729,
            "min": 2498.410917154948,
            "max": 109369.6629720052,
            "count": 41
        },
        "MoveToGoal.Policy.LearningRate.mean": {
            "value": 0.00023805485664838802,
            "min": 0.00023805485664838802,
            "max": 0.0002499017386994259,
            "count": 41
        },
        "MoveToGoal.Policy.LearningRate.sum": {
            "value": 0.0009522194265935521,
            "min": 0.0002499017386994259,
            "max": 0.0012472569062477261,
            "count": 41
        },
        "MoveToGoal.Policy.Epsilon.mean": {
            "value": 0.17935161199999997,
            "min": 0.17935161199999997,
            "max": 0.18330057400000008,
            "count": 41
        },
        "MoveToGoal.Policy.Epsilon.sum": {
            "value": 0.7174064479999999,
            "min": 0.18330057400000008,
            "max": 0.915752274,
            "count": 41
        },
        "MoveToGoal.Policy.Beta.mean": {
            "value": 0.003969645438799999,
            "min": 0.003969645438799999,
            "max": 0.004166698642599999,
            "count": 41
        },
        "MoveToGoal.Policy.Beta.sum": {
            "value": 0.015878581755199996,
            "min": 0.004166698642599999,
            "max": 0.020796038472600004,
            "count": 41
        },
        "MoveToGoal.IsTraining.mean": {
            "value": 1.0,
            "min": 1.0,
            "max": 1.0,
            "count": 41
        },
        "MoveToGoal.IsTraining.sum": {
            "value": 1.0,
            "min": 1.0,
            "max": 1.0,
            "count": 41
        }
    },
    "metadata": {
        "timer_format_version": "0.1.0",
        "start_time_seconds": "1689936453",
        "python_version": "3.9.13 (tags/v3.9.13:6de2ca5, May 17 2022, 16:36:42) [MSC v.1929 64 bit (AMD64)]",
        "command_line_arguments": "C:\\Users\\usuario\\Netcode Tests\\venv\\Scripts\\mlagents-learn results/configuration2.yaml --run-id=Try3 --resume",
        "mlagents_version": "0.30.0",
        "mlagents_envs_version": "0.30.0",
        "communication_protocol_version": "1.5.0",
        "pytorch_version": "2.0.1+cpu",
        "numpy_version": "1.21.2",
        "end_time_seconds": "1689938272"
    },
    "total": 1818.9311871999998,
    "count": 1,
    "self": 0.011210399999754372,
    "children": {
        "run_training.setup": {
            "total": 0.12072320000000003,
            "count": 1,
            "self": 0.12072320000000003
        },
        "TrainerController.start_learning": {
            "total": 1818.7992536000002,
            "count": 1,
            "self": 1.2156265999913103,
            "children": {
                "TrainerController._reset_env": {
                    "total": 4.834810399999999,
                    "count": 1,
                    "self": 4.834810399999999
                },
                "TrainerController.advance": {
                    "total": 1812.645968900009,
                    "count": 20070,
                    "self": 0.406290400011585,
                    "children": {
                        "env_step": {
                            "total": 1812.2396784999974,
                            "count": 20070,
                            "self": 1585.409054100001,
                            "children": {
                                "SubprocessEnvManager._take_step": {
                                    "total": 226.34595390000086,
                                    "count": 20070,
                                    "self": 3.060996300003268,
                                    "children": {
                                        "TorchPolicy.evaluate": {
                                            "total": 223.2849575999976,
                                            "count": 15750,
                                            "self": 223.2849575999976
                                        }
                                    }
                                },
                                "workers": {
                                    "total": 0.48467049999558487,
                                    "count": 20070,
                                    "self": 0.0,
                                    "children": {
                                        "worker_root": {
                                            "total": 1810.6284595000088,
                                            "count": 20070,
                                            "is_parallel": true,
                                            "self": 740.6666016999927,
                                            "children": {
                                                "steps_from_proto": {
                                                    "total": 0.003525699999999965,
                                                    "count": 1,
                                                    "is_parallel": true,