{
    "name": "root",
    "gauges": {
        "MoveToGoal.Policy.Entropy.mean": {
            "value": 1.4384145736694336,
            "min": 1.4384145736694336,
            "max": 1.4462215900421143,
            "count": 10
        },
        "MoveToGoal.Policy.Entropy.sum": {
            "value": 71843.0546875,
            "min": 71827.5546875,
            "max": 73410.0,
            "count": 10
        },
        "MoveToGoal.Step.mean": {
            "value": 499989.0,
            "min": 49957.0,
            "max": 499989.0,
            "count": 10
        },
        "MoveToGoal.Step.sum": {
            "value": 499989.0,
            "min": 49957.0,
            "max": 499989.0,
            "count": 10
        },
        "MoveToGoal.Policy.ExtrinsicValueEstimate.mean": {
            "value": 19.289518356323242,
            "min": -1.0553747415542603,
            "max": 19.289518356323242,
            "count": 10
        },
        "MoveToGoal.Policy.ExtrinsicValueEstimate.sum": {
            "value": 15277.2978515625,
            "min": -835.8567504882812,
            "max": 15277.2978515625,
            "count": 10
        },
        "MoveToGoal.Environment.EpisodeLength.mean": {
            "value": 2793.722222222222,
            "min": 866.6315789473684,
            "max": 3159.1176470588234,
            "count": 10
        },
        "MoveToGoal.Environment.EpisodeLength.sum": {
            "value": 50287.0,
            "min": 16466.0,
            "max": 62945.0,
            "count": 10
        },
        "MoveToGoal.Environment.CumulativeReward.mean": {
            "value": 702.2555838955773,
            "min": -12.121040378746233,
            "max": 740.6882657058098,
            "count": 10
        },
        "MoveToGoal.Environment.CumulativeReward.sum": {
            "value": 12640.600510120392,
            "min": -312.19943004846573,
            "max": 12640.600510120392,
            "count": 10
        },
        "MoveToGoal.Policy.ExtrinsicReward.mean": {
            "value": 702.2555838955773,
            "min": -12.121040378746233,
            "max": 740.6882657058098,
            "count": 10
        },
        "MoveToGoal.Policy.ExtrinsicReward.sum": {
            "value": 12640.600510120392,
            "min": -312.19943004846573,
            "max": 12640.600510120392,
            "count": 10
        },
        "MoveToGoal.Losses.PolicyLoss.mean": {
            "value": 0.02448673562767605,
            "min": 0.020430206223391,
            "max": 0.025669546655068792,
            "count": 10
        },
        "MoveToGoal.Losses.PolicyLoss.sum": {
            "value": 0.12243367813838024,
            "min": 0.09249950017582513,
            "max": 0.12834773327534396,
            "count": 10
        },
        "MoveToGoal.Losses.ValueLoss.mean": {
            "value": 1378.144852701823,
            "min": 63.130963042288116,
            "max": 1378.144852701823,
            "count": 10
        },
        "MoveToGoal.Losses.ValueLoss.sum": {
            "value": 6890.724263509115,
            "min": 252.52385216915246,
            "max": 6890.724263509115,
            "count": 10
        },
        "MoveToGoal.Policy.LearningRate.mean": {
            "value": 1.4444015185359998e-05,
            "min": 1.4444015185359998e-05,
            "max": 0.00028364520545159997,
            "count": 10
        },
        "MoveToGoal.Policy.LearningRate.sum": {
            "value": 7.222007592679999e-05,
            "min": 7.222007592679999e-05,
            "max": 0.0012766326744557998,
            "count": 10
        },
        "MoveToGoal.Policy.Epsilon.mean": {
            "value": 0.10481464000000003,
            "min": 0.10481464000000003,
            "max": 0.19454840000000004,
            "count": 10
        },
        "MoveToGoal.Policy.Epsilon.sum": {
            "value": 0.5240732000000001,
            "min": 0.5240732000000001,
            "max": 0.9255441999999999,
            "count": 10
        },
        "MoveToGoal.Policy.Beta.mean": {
            "value": 0.00025025053599999996,
            "min": 0.00025025053599999996,
            "max": 0.004727965160000001,
            "count": 10
        },
        "MoveToGoal.Policy.Beta.sum": {
            "value": 0.0012512526799999997,
            "min": 0.0012512526799999997,
            "max": 0.02128465558,
            "count": 10
        },
        "MoveToGoal.IsTraining.mean": {
            "value": 1.0,
            "min": 1.0,
            "max": 1.0,
            "count": 10
        },
        "MoveToGoal.IsTraining.sum": {
            "value": 1.0,
            "min": 1.0,
            "max": 1.0,
            "count": 10
        }
    },
    "metadata": {
        "timer_format_version": "0.1.0",
        "start_time_seconds": "1689753659",
        "python_version": "3.9.13 (tags/v3.9.13:6de2ca5, May 17 2022, 16:36:42) [MSC v.1929 64 bit (AMD64)]",
        "command_line_arguments": "C:\\Users\\usuario\\Netcode Tests\\venv\\Scripts\\mlagents-learn results/Test/configuration.yaml --initialize-from=Test --run-id=Test2 --force",
        "mlagents_version": "0.30.0",
        "mlagents_envs_version": "0.30.0",
        "communication_protocol_version": "1.5.0",
        "pytorch_version": "2.0.1+cpu",
        "numpy_version": "1.21.2",
        "end_time_seconds": "1689754046"
    },
    "total": 387.19522420000004,
    "count": 1,
    "self": 0.015165400000057616,
    "children": {
        "run_training.setup": {
            "total": 0.11640779999999973,
            "count": 1,
            "self": 0.11640779999999973
        },
        "TrainerController.start_learning": {
            "total": 387.063651,
            "count": 1,
            "self": 0.6493803999999272,
            "children": {
                "TrainerController._reset_env": {
                    "total": 16.3041499,
                    "count": 1,
                    "self": 16.3041499
                },
                "TrainerController.advance": {
                    "total": 370.04113950000004,
                    "count": 19260,
                    "self": 0.5615335999945614,
                    "children": {
                        "env_step": {
                            "total": 226.54386490000235,
                            "count": 19260,
                            "self": 203.5532453000028,
                            "children": {
                                "SubprocessEnvManager._take_step": {
                                    "total": 22.60131149999985,
                                    "count": 19260,
                                    "self": 1.9448619999993433,
                                    "children": {
                                        "TorchPolicy.evaluate": {
                                            "total": 20.656449500000505,
                                            "count": 19260,
                                            "self": 20.656449500000505
                                        }
                                    }
                                },
                                "workers": {
                                    "total": 0.38930809999968474,
                                    "count": 19260,
                                    "self": 0.0,
                                    "children": {
                                        "worker_root": {
                                            "total": 369.83819600000123,
                                            "count": 19260,
                                            "is_parallel": true,
                                            "self": 212.60600800000546,
                                            "children": {
                                                "steps_from_proto": {
                                                    "total": 0.001007200000000097,
                                                    "count": 1,