{
    "name": "root",
    "gauges": {
        "RunnerAgent.Policy.Entropy.mean": {
            "value": -0.40419089794158936,
            "min": -0.40419089794158936,
            "max": 0.027394654229283333,
            "count": 500
        },
        "RunnerAgent.Policy.Entropy.sum": {
            "value": -742.4986572265625,
            "min": -940.5704345703125,
            "max": 77.14334869384766,
            "count": 500
        },
        "RunnerAgent.Step.mean": {
            "value": 999981.0,
            "min": 1953.0,
            "max": 999981.0,
            "count": 500
        },
        "RunnerAgent.Step.sum": {
            "value": 999981.0,
            "min": 1953.0,
            "max": 999981.0,
            "count": 500
        },
        "RunnerAgent.Policy.ExtrinsicValueEstimate.mean": {
            "value": -61.76160430908203,
            "min": -309.52252197265625,
            "max": 405.0669250488281,
            "count": 500
        },
        "RunnerAgent.Policy.ExtrinsicValueEstimate.sum": {
            "value": -988.1856689453125,
            "min": -5571.4052734375,
            "max": 8506.4052734375,
            "count": 500
        },
        "RunnerAgent.Policy.GailValueEstimate.mean": {
            "value": 14.199007034301758,
            "min": 6.938121318817139,
            "max": 25.669506072998047,
            "count": 500
        },
        "RunnerAgent.Policy.GailValueEstimate.sum": {
            "value": 227.18411254882812,
            "min": 124.88618469238281,
            "max": 406.85162353515625,
            "count": 500
        },
        "RunnerAgent.Environment.EpisodeLength.mean": {
            "value": 605.0,
            "min": 148.0,
            "max": 4952.0,
            "count": 467
        },
        "RunnerAgent.Environment.EpisodeLength.sum": {
            "value": 605.0,
            "min": 148.0,
            "max": 9904.0,
            "count": 467
        },
        "RunnerAgent.Environment.CumulativeReward.mean": {
            "value": -992.5458221435547,
            "min": -2010.5399475097656,
            "max": 3977.0383834838867,
            "count": 470
        },
        "RunnerAgent.Environment.CumulativeReward.sum": {
            "value": -992.5458221435547,
            "min": -10017.039833068848,
            "max": 16357.95191192627,
            "count": 470
        },
        "RunnerAgent.Policy.ExtrinsicReward.mean": {
            "value": -992.5458221435547,
            "min": -2010.5399475097656,
            "max": 3977.0383834838867,
            "count": 470
        },
        "RunnerAgent.Policy.ExtrinsicReward.sum": {
            "value": -992.5458221435547,
            "min": -10017.039833068848,
            "max": 16357.95191192627,
            "count": 470
        },
        "RunnerAgent.Policy.GailReward.mean": {
            "value": 81.43395185470581,
            "min": 13.172664761543274,
            "max": 387.6318635940552,
            "count": 470
        },
        "RunnerAgent.Policy.GailReward.sum": {
            "value": 81.43395185470581,
            "min": 13.172664761543274,
            "max": 2134.6314727067947,
            "count": 470
        },
        "RunnerAgent.IsTraining.mean": {
            "value": 1.0,
            "min": 1.0,
            "max": 1.0,
            "count": 500
        },
        "RunnerAgent.IsTraining.sum": {
            "value": 1.0,
            "min": 1.0,
            "max": 1.0,
            "count": 500
        },
        "RunnerAgent.Losses.PolicyLoss.mean": {
            "value": 0.033738563826773316,
            "min": 0.024592934438260272,
            "max": 0.04438704687345307,
            "count": 240
        },
        "RunnerAgent.Losses.PolicyLoss.sum": {
            "value": 0.033738563826773316,
            "min": 0.024592934438260272,
            "max": 0.04438704687345307,
            "count": 240
        },
        "RunnerAgent.Losses.ValueLoss.mean": {
            "value": 25809.08154296875,
            "min": 7581.581466674805,
            "max": 107646.20129394531,
            "count": 240
        },
        "RunnerAgent.Losses.ValueLoss.sum": {
            "value": 25809.08154296875,
            "min": 7581.581466674805,
            "max": 107646.20129394531,
            "count": 240
        },
        "RunnerAgent.Policy.LearningRate.mean": {
            "value": 1.5939994689998447e-07,
            "min": 1.5939994689998447e-07,
            "max": 0.00029876130041289994,
            "count": 240
        },
        "RunnerAgent.Policy.LearningRate.sum": {
            "value": 1.5939994689998447e-07,
            "min": 1.5939994689998447e-07,
            "max": 0.00029876130041289994,
            "count": 240
        },
        "RunnerAgent.Policy.Epsilon.mean": {
            "value": 0.1000531,
            "min": 0.1000531,
            "max": 0.19958710000000002,
            "count": 240
        },
        "RunnerAgent.Policy.Epsilon.sum": {
            "value": 0.1000531,
            "min": 0.1000531,
            "max": 0.19958710000000002,
            "count": 240
        },
        "RunnerAgent.Policy.Beta.mean": {
            "value": 0.01,
            "min": 0.01,
            "max": 0.01,
            "count": 240
        },
        "RunnerAgent.Policy.Beta.sum": {
            "value": 0.01,
            "min": 0.01,
            "max": 0.01,
            "count": 240
        },
        "RunnerAgent.Policy.GAILPolicyEstimate.mean": {
            "value": 0.16433286829851568,
            "min": 0.14325310010463,
            "max": 0.2806340546812862,
            "count": 240
        },
        "RunnerAgent.Policy.GAILPolicyEstimate.sum": {
            "value": 0.16433286829851568,
            "min": 0.14325310010463,
            "max": 0.2806340546812862,
            "count": 240
        },
        "RunnerAgent.Policy.GAILExpertEstimate.mean": {
            "value": 0.8350356435403228,
            "min": 0.7448232024908066,
            "max": 0.8516900995746255,
            "count": 240
        },
        "RunnerAgent.Policy.GAILExpertEstimate.sum": {
            "value": 0.8350356435403228,
            "min": 0.7448232024908066,
            "max": 0.8516900995746255,
            "count": 240
        },
        "RunnerAgent.Losses.GAILLoss.mean": {
            "value": 0.4298822171986103,
            "min": 0.3927011298947036,
            "max": 0.7404573066160083,
            "count": 240
        },
        "RunnerAgent.Losses.GAILLoss.sum": {
            "value": 0.4298822171986103,
            "min": 0.3927011298947036,
            "max": 0.7404573066160083,
            "count": 240
        },
        "RunnerAgent.Policy.GAILGradMagLoss.mean": {
            "value": 0.052923047565855086,
            "min": 0.03763949446147308,
            "max": 0.06495613040169701,
            "count": 240
        },
        "RunnerAgent.Policy.GAILGradMagLoss.sum": {
            "value": 0.052923047565855086,
            "min": 0.03763949446147308,
            "max": 0.06495613040169701,
            "count": 240
        },
        "RunnerAgent.Losses.PretrainingLoss.mean": {
            "value": 0.08602774533487502,
            "min": 0.08498939552477427,
            "max": 0.1263430178875015,
            "count": 240
        },
        "RunnerAgent.Losses.PretrainingLoss.sum": {
            "value": 0.08602774533487502,
            "min": 0.08498939552477427,
            "max": 0.1263430178875015,
            "count": 240
        }
    },
    "metadata": {
        "timer_format_version": "0.1.0",
        "start_time_seconds": "1718107596",
        "python_version": "3.9.13 (tags/v3.9.13:6de2ca5, May 17 2022, 16:36:42) [MSC v.1929 64 bit (AMD64)]",
        "command_line_arguments": "C:\\Users\\usuario\\AppData\\Local\\Programs\\Python\\Python39\\Scripts\\mlagents-learn config/runnerAgentBCGail.yaml --initialize-from=FullMapActive3 --run-id=FullMapActive4",
        "mlagents_version": "0.30.0",