{
    "name": "root",
    "gauges": {
        "RunnerAgent.Policy.Entropy.mean": {
            "value": -6.815749645233154,
            "min": -6.815749645233154,
            "max": 0.0573112927377224,
            "count": 18
        },
        "RunnerAgent.Policy.Entropy.sum": {
            "value": -67775.8125,
            "min": -67924.671875,
            "max": 593.859619140625,
            "count": 18
        },
        "RunnerAgent.Environment.EpisodeLength.mean": {
            "value": 167.30434782608697,
            "min": 126.875,
            "max": 2697.090909090909,
            "count": 18
        },
        "RunnerAgent.Environment.EpisodeLength.sum": {
            "value": 3848.0,
            "min": 1010.0,
            "max": 36707.0,
            "count": 18
        },
        "RunnerAgent.Step.mean": {
            "value": 179995.0,
            "min": 9983.0,
            "max": 179995.0,
            "count": 18
        },
        "RunnerAgent.Step.sum": {
            "value": 179995.0,
            "min": 9983.0,
            "max": 179995.0,
            "count": 18
        },
        "RunnerAgent.Policy.ExtrinsicValueEstimate.mean": {
            "value": -10.527015686035156,
            "min": -30.059722900390625,
            "max": 8.49053955078125,
            "count": 18
        },
        "RunnerAgent.Policy.ExtrinsicValueEstimate.sum": {
            "value": -1747.484619140625,
            "min": -5019.9736328125,
            "max": 1349.995849609375,
            "count": 18
        },
        "RunnerAgent.Environment.CumulativeReward.mean": {
            "value": 30.32061546050903,
            "min": -18.55846405029297,
            "max": 217.14298187941313,
            "count": 18
        },
        "RunnerAgent.Environment.CumulativeReward.sum": {
            "value": 697.3741555917077,
            "min": -654.7021695971489,
            "max": 3700.0226587122306,
            "count": 18
        },
        "RunnerAgent.Policy.ExtrinsicReward.mean": {
            "value": 30.32061546050903,
            "min": -18.55846405029297,
            "max": 217.14298187941313,
            "count": 18
        },
        "RunnerAgent.Policy.ExtrinsicReward.sum": {
            "value": 697.3741555917077,
            "min": -654.7021695971489,
            "max": 3700.0226587122306,
            "count": 18
        },
        "RunnerAgent.Losses.PolicyLoss.mean": {
            "value": 0.31597083173274826,
            "min": 0.25264227846674386,
            "max": 0.31597083173274826,
            "count": 18
        },
        "RunnerAgent.Losses.PolicyLoss.sum": {
            "value": 22.433929053025125,
            "min": 15.66382126493812,
            "max": 23.198164655323673,
            "count": 18
        },
        "RunnerAgent.Losses.ValueLoss.mean": {
            "value": 2169.7289561854514,
            "min": 586.7036236022844,
            "max": 9265.99612859244,
            "count": 18
        },
        "RunnerAgent.Losses.ValueLoss.sum": {
            "value": 154050.75588916705,
            "min": 41655.95727576219,
            "max": 574491.7599727312,
            "count": 18
        },
        "RunnerAgent.Policy.LearningRate.mean": {
            "value": 0.00019494989698854364,
            "min": 0.00019494989698854364,
            "max": 0.000296635955960058,
            "count": 18
        },
        "RunnerAgent.Policy.LearningRate.sum": {
            "value": 0.0138414426861866,
            "min": 0.0138414426861866,
            "max": 0.021237174820941795,
            "count": 18
        },
        "RunnerAgent.Policy.Epsilon.mean": {
            "value": 0.16498328732394366,
            "min": 0.16498328732394366,
            "max": 0.19887865161290322,
            "count": 18
        },
        "RunnerAgent.Policy.Epsilon.sum": {
            "value": 11.7138134,
            "min": 11.7138134,
            "max": 14.430921000000001,
            "count": 18
        },
        "RunnerAgent.Policy.Beta.mean": {
            "value": 0.0005,
            "min": 0.0005,
            "max": 0.0005000000000000001,
            "count": 18
        },
        "RunnerAgent.Policy.Beta.sum": {
            "value": 0.035500000000000004,
            "min": 0.031000000000000007,
            "max": 0.037000000000000005,
            "count": 18
        },
        "RunnerAgent.Losses.PretrainingLoss.mean": {
            "value": 0.013396194812741532,
            "min": 0.013396194812741532,
            "max": 0.18680339017743736,
            "count": 18
        },
        "RunnerAgent.Losses.PretrainingLoss.sum": {
            "value": 0.9511298317046488,
            "min": 0.9511298317046488,
            "max": 11.581810191001116,
            "count": 18
        },
        "RunnerAgent.IsTraining.mean": {
            "value": 1.0,
            "min": 1.0,
            "max": 1.0,
            "count": 18
        },
        "RunnerAgent.IsTraining.sum": {
            "value": 1.0,
            "min": 1.0,
            "max": 1.0,
            "count": 18
        }
    },
    "metadata": {
        "timer_format_version": "0.1.0",
        "start_time_seconds": "1717654825",
        "python_version": "3.9.13 (tags/v3.9.13:6de2ca5, May 17 2022, 16:36:42) [MSC v.1929 64 bit (AMD64)]",
        "command_line_arguments": "C:\\Users\\usuario\\AppData\\Local\\Programs\\Python\\Python39\\Scripts\\mlagents-learn config/runnerAgentBC.yaml --run-id=AddingPhysics3 --resume",
        "mlagents_version": "0.30.0",
        "mlagents_envs_version": "0.30.0",
        "communication_protocol_version": "1.5.0",
        "pytorch_version": "2.3.0+cpu",
        "numpy_version": "1.21.2",
        "end_time_seconds": "1717658490"
    },
    "total": 3664.7857103,
    "count": 1,
    "self": 0.005863400000180263,
    "children": {
        "run_training.setup": {
            "total": 0.1318160000000006,
            "count": 1,
            "self": 0.1318160000000006
        },
        "TrainerController.start_learning": {
            "total": 3664.6480309,
            "count": 1,
            "self": 0.535987999993722,
            "children": {
                "TrainerController._reset_env": {
                    "total": 43.669762,
                    "count": 1,
                    "self": 43.071587900000004,
                    "children": {
                        "demo_to_buffer": {
                            "total": 0.5981740999999943,
                            "count": 1,
                            "self": 4.899999999707916e-05,
                            "children": {
                                "load_demonstration": {
                                    "total": 0.01332620000000162,
                                    "count": 1,
                                    "self": 0.013108800000004805,
                                    "children": {
                                        "read_file": {
                                            "total": 0.00021739999999681459,
                                            "count": 1,
                                            "self": 0.00021739999999681459
                                        }
                                    }
                                },
                                "make_demo_buffer": {
                                    "total": 0.5847988999999956,
                                    "count": 1,
                                    "self": 0.08043819999991086,
                                    "children": {
                                        "steps_from_proto": {
                                            "total": 0.5043607000000847,
                                            "count": 3338,
                                            "self": 0.20686270000054208,