{
    "name": "root",
    "gauges": {
        "RunnerAgent.Policy.Entropy.mean": {
            "value": -7.036938190460205,
            "min": -7.036938190460205,
            "max": -0.19256502389907837,
            "count": 18
        },
        "RunnerAgent.Policy.Entropy.sum": {
            "value": -69356.0625,
            "min": -71066.5234375,
            "max": -1999.59521484375,
            "count": 18
        },
        "RunnerAgent.Step.mean": {
            "value": 179953.0,
            "min": 9968.0,
            "max": 179953.0,
            "count": 18
        },
        "RunnerAgent.Step.sum": {
            "value": 179953.0,
            "min": 9968.0,
            "max": 179953.0,
            "count": 18
        },
        "RunnerAgent.Policy.ExtrinsicValueEstimate.mean": {
            "value": 115.63421630859375,
            "min": -14.30495548248291,
            "max": 417.6297912597656,
            "count": 18
        },
        "RunnerAgent.Policy.ExtrinsicValueEstimate.sum": {
            "value": 29255.45703125,
            "min": -4062.607421875,
            "max": 69326.546875,
            "count": 18
        },
        "RunnerAgent.Losses.PolicyLoss.mean": {
            "value": 0.3044482207756155,
            "min": 0.2519879465833729,
            "max": 0.4567661799971487,
            "count": 18
        },
        "RunnerAgent.Losses.PolicyLoss.sum": {
            "value": 23.746961220498008,
            "min": 14.61530090183563,
            "max": 36.08452821977475,
            "count": 18
        },
        "RunnerAgent.Losses.ValueLoss.mean": {
            "value": 25656.53845353177,
            "min": 4014.724472693853,
            "max": 52540.0991157688,
            "count": 18
        },
        "RunnerAgent.Losses.ValueLoss.sum": {
            "value": 2001209.9993754781,
            "min": 341251.5801789775,
            "max": 3782887.1363353534,
            "count": 18
        },
        "RunnerAgent.Policy.LearningRate.mean": {
            "value": 0.00019494850424794612,
            "min": 0.00019494850424794612,
            "max": 0.00029649325978960345,
            "count": 18
        },
        "RunnerAgent.Policy.LearningRate.sum": {
            "value": 0.015205983331339797,
            "min": 0.015205983331339797,
            "max": 0.021093167168944396,
            "count": 18
        },
        "RunnerAgent.Policy.Epsilon.mean": {
            "value": 0.16498282307692308,
            "min": 0.16498282307692308,
            "max": 0.19883108620689655,
            "count": 18
        },
        "RunnerAgent.Policy.Epsilon.sum": {
            "value": 12.8686602,
            "min": 11.532202999999999,
            "max": 15.046008800000001,
            "count": 18
        },
        "RunnerAgent.Policy.Beta.mean": {
            "value": 0.0005000000000000001,
            "min": 0.0005,
            "max": 0.0005000000000000001,
            "count": 18
        },
        "RunnerAgent.Policy.Beta.sum": {
            "value": 0.03900000000000001,
            "min": 0.029000000000000005,
            "max": 0.04250000000000001,
            "count": 18
        },
        "RunnerAgent.Losses.PretrainingLoss.mean": {
            "value": 0.014108466615337809,
            "min": 0.014108466615337809,
            "max": 0.14608137824717668,
            "count": 18
        },
        "RunnerAgent.Losses.PretrainingLoss.sum": {
            "value": 1.100460395996349,
            "min": 1.100460395996349,
            "max": 8.472719938336247,
            "count": 18
        },
        "RunnerAgent.Environment.EpisodeLength.mean": {
            "value": 69.6842105263158,
            "min": 25.571815718157183,
            "max": 436.4583333333333,
            "count": 18
        },
        "RunnerAgent.Environment.EpisodeLength.sum": {
            "value": 10592.0,
            "min": 7246.0,
            "max": 12851.0,
            "count": 18
        },
        "RunnerAgent.Environment.CumulativeReward.mean": {
            "value": 186.72088464396498,
            "min": 1.0597290621557576,
            "max": 2102.105601567775,
            "count": 18
        },
        "RunnerAgent.Environment.CumulativeReward.sum": {
            "value": 28194.853581238713,
            "min": 267.4484477462247,
            "max": 50450.5344376266,
            "count": 18
        },
        "RunnerAgent.Policy.ExtrinsicReward.mean": {
            "value": 186.72088464396498,
            "min": 1.0597290621557576,
            "max": 2102.105601567775,
            "count": 18
        },
        "RunnerAgent.Policy.ExtrinsicReward.sum": {
            "value": 28194.853581238713,
            "min": 267.4484477462247,
            "max": 50450.5344376266,
            "count": 18
        },
        "RunnerAgent.IsTraining.mean": {
            "value": 1.0,
            "min": 1.0,
            "max": 1.0,
            "count": 18
        },
        "RunnerAgent.IsTraining.sum": {
            "value": 1.0,
            "min": 1.0,
            "max": 1.0,
            "count": 18
        }
    },
    "metadata": {
        "timer_format_version": "0.1.0",
        "start_time_seconds": "1717575997",
        "python_version": "3.9.13 (tags/v3.9.13:6de2ca5, May 17 2022, 16:36:42) [MSC v.1929 64 bit (AMD64)]",
        "command_line_arguments": "C:\\Users\\usuario\\AppData\\Local\\Programs\\Python\\Python39\\Scripts\\mlagents-learn config/runnerAgentBC.yaml --run-id=RunnerAgentTry3",
        "mlagents_version": "0.30.0",
        "mlagents_envs_version": "0.30.0",
        "communication_protocol_version": "1.5.0",
        "pytorch_version": "2.3.0+cpu",
        "numpy_version": "1.21.2",
        "end_time_seconds": "1717580699"
    },
    "total": 4701.9572136,
    "count": 1,
    "self": 0.005962699999145116,
    "children": {
        "run_training.setup": {
            "total": 0.30740510000000043,
            "count": 1,
            "self": 0.30740510000000043
        },
        "TrainerController.start_learning": {
            "total": 4701.6438458,
            "count": 1,
            "self": 0.5629625999781638,
            "children": {
                "TrainerController._reset_env": {
                    "total": 20.4976925,
                    "count": 1,
                    "self": 19.7123706,
                    "children": {
                        "demo_to_buffer": {
                            "total": 0.7853218999999996,
                            "count": 1,
                            "self": 5.4600000005677884e-05,
                            "children": {
                                "load_demonstration": {
                                    "total": 0.025072299999997938,
                                    "count": 1,
                                    "self": 0.024490099999994186,
                                    "children": {
                                        "read_file": {
                                            "total": 0.0005822000000037519,
                                            "count": 1,
                                            "self": 0.0005822000000037519
                                        }
                                    }
                                },
                                "make_demo_buffer": {
                                    "total": 0.760194999999996,
                                    "count": 1,
                                    "self": 0.10505550000001307,
                                    "children": {
                                        "steps_from_proto": {
                                            "total": 0.6551394999999829,
                                            "count": 4450,
                                            "self": 0.27124800000040494,