{
    "name": "root",
    "gauges": {
        "RunnerAgent.Policy.Entropy.mean": {
            "value": 1.250308871269226,
            "min": 1.250308871269226,
            "max": 1.418938398361206,
            "count": 250
        },
        "RunnerAgent.Policy.Entropy.sum": {
            "value": 2186.790283203125,
            "min": 1894.28125,
            "max": 3636.7392578125,
            "count": 250
        },
        "RunnerAgent.Environment.EpisodeLength.mean": {
            "value": 130.33333333333334,
            "min": 78.0,
            "max": 873.0,
            "count": 249
        },
        "RunnerAgent.Environment.EpisodeLength.sum": {
            "value": 391.0,
            "min": 78.0,
            "max": 4436.0,
            "count": 249
        },
        "RunnerAgent.Step.mean": {
            "value": 499955.0,
            "min": 1903.0,
            "max": 499955.0,
            "count": 250
        },
        "RunnerAgent.Step.sum": {
            "value": 499955.0,
            "min": 1903.0,
            "max": 499955.0,
            "count": 250
        },
        "RunnerAgent.Policy.ExtrinsicValueEstimate.mean": {
            "value": 6.219932556152344,
            "min": -198.1291961669922,
            "max": 113.00151824951172,
            "count": 250
        },
        "RunnerAgent.Policy.ExtrinsicValueEstimate.sum": {
            "value": 105.73885345458984,
            "min": -3770.216796875,
            "max": 2147.02880859375,
            "count": 250
        },
        "RunnerAgent.Policy.GailValueEstimate.mean": {
            "value": 17.116207122802734,
            "min": 0.2569412887096405,
            "max": 23.49275779724121,
            "count": 250
        },
        "RunnerAgent.Policy.GailValueEstimate.sum": {
            "value": 290.97552490234375,
            "min": 6.316015243530273,
            "max": 473.7513122558594,
            "count": 250
        },
        "RunnerAgent.Environment.CumulativeReward.mean": {
            "value": -53.340538024902344,
            "min": -66.90170288085938,
            "max": 1181.4764785766602,
            "count": 249
        },
        "RunnerAgent.Environment.CumulativeReward.sum": {
            "value": -160.02161407470703,
            "min": -952.0823554992676,
            "max": 5567.643760681152,
            "count": 249
        },
        "RunnerAgent.Policy.ExtrinsicReward.mean": {
            "value": -53.340538024902344,
            "min": -66.90170288085938,
            "max": 1181.4764785766602,
            "count": 249
        },
        "RunnerAgent.Policy.ExtrinsicReward.sum": {
            "value": -160.02161407470703,
            "min": -952.0823554992676,
            "max": 5567.643760681152,
            "count": 249
        },
        "RunnerAgent.Policy.GailReward.mean": {
            "value": 29.836352666219074,
            "min": 3.246484063565731,
            "max": 339.50332832336426,
            "count": 249
        },
        "RunnerAgent.Policy.GailReward.sum": {
            "value": 89.50905799865723,
            "min": 3.246484063565731,
            "max": 1761.829666286707,
            "count": 249
        },
        "RunnerAgent.IsTraining.mean": {
            "value": 1.0,
            "min": 1.0,
            "max": 1.0,
            "count": 250
        },
        "RunnerAgent.IsTraining.sum": {
            "value": 1.0,
            "min": 1.0,
            "max": 1.0,
            "count": 250
        },
        "RunnerAgent.Losses.PolicyLoss.mean": {
            "value": 0.033089786404161714,
            "min": 0.026801956166309537,
            "max": 0.04250969013446593,
            "count": 120
        },
        "RunnerAgent.Losses.PolicyLoss.sum": {
            "value": 0.033089786404161714,
            "min": 0.026801956166309537,
            "max": 0.04250969013446593,
            "count": 120
        },
        "RunnerAgent.Losses.ValueLoss.mean": {
            "value": 13732.803115844727,
            "min": 6096.3906326293945,
            "max": 30370.319061279297,
            "count": 120
        },
        "RunnerAgent.Losses.ValueLoss.sum": {
            "value": 13732.803115844727,
            "min": 6096.3906326293945,
            "max": 30370.319061279297,
            "count": 120
        },
        "RunnerAgent.Policy.LearningRate.mean": {
            "value": 4.878998374000048e-07,
            "min": 4.878998374000048e-07,
            "max": 0.0002975172008276,
            "count": 120
        },
        "RunnerAgent.Policy.LearningRate.sum": {
            "value": 4.878998374000048e-07,
            "min": 4.878998374000048e-07,
            "max": 0.0002975172008276,
            "count": 120
        },
        "RunnerAgent.Policy.Epsilon.mean": {
            "value": 0.1001626,
            "min": 0.1001626,
            "max": 0.19917240000000003,
            "count": 120
        },
        "RunnerAgent.Policy.Epsilon.sum": {
            "value": 0.1001626,
            "min": 0.1001626,
            "max": 0.19917240000000003,
            "count": 120
        },
        "RunnerAgent.Policy.Beta.mean": {
            "value": 0.01,
            "min": 0.01,
            "max": 0.01,
            "count": 120
        },
        "RunnerAgent.Policy.Beta.sum": {
            "value": 0.01,
            "min": 0.01,
            "max": 0.01,
            "count": 120
        },
        "RunnerAgent.Policy.GAILPolicyEstimate.mean": {
            "value": 0.31357090966776013,
            "min": 0.27208756329491735,
            "max": 0.45260515809059143,
            "count": 120
        },
        "RunnerAgent.Policy.GAILPolicyEstimate.sum": {
            "value": 0.31357090966776013,
            "min": 0.27208756329491735,
            "max": 0.45260515809059143,
            "count": 120
        },
        "RunnerAgent.Policy.GAILExpertEstimate.mean": {
            "value": 0.691021884791553,
            "min": 0.524139347486198,
            "max": 0.7252404084429145,
            "count": 120
        },
        "RunnerAgent.Policy.GAILExpertEstimate.sum": {
            "value": 0.691021884791553,
            "min": 0.524139347486198,
            "max": 0.7252404084429145,
            "count": 120
        },
        "RunnerAgent.Losses.GAILLoss.mean": {
            "value": 0.8495549755170941,
            "min": 0.7465993678197265,
            "max": 1.2151166666299105,
            "count": 120
        },
        "RunnerAgent.Losses.GAILLoss.sum": {
            "value": 0.8495549755170941,
            "min": 0.7465993678197265,
            "max": 1.2151166666299105,
            "count": 120
        },
        "RunnerAgent.Policy.GAILGradMagLoss.mean": {
            "value": 0.028470693810959347,
            "min": 0.016455183882499114,
            "max": 7.498834516853094,
            "count": 120
        },
        "RunnerAgent.Policy.GAILGradMagLoss.sum": {
            "value": 0.028470693810959347,
            "min": 0.016455183882499114,
            "max": 7.498834516853094,
            "count": 120
        },
        "RunnerAgent.Losses.PretrainingLoss.mean": {
            "value": 0.788538783788681,
            "min": 0.788538783788681,
            "max": 1.5958991249402363,
            "count": 120
        },
        "RunnerAgent.Losses.PretrainingLoss.sum": {
            "value": 0.788538783788681,
            "min": 0.788538783788681,
            "max": 1.5958991249402363,
            "count": 120
        }
    },
    "metadata": {
        "timer_format_version": "0.1.0",
        "start_time_seconds": "1718018077",
        "python_version": "3.9.13 (tags/v3.9.13:6de2ca5, May 17 2022, 16:36:42) [MSC v.1929 64 bit (AMD64)]",
        "command_line_arguments": "C:\\Users\\usuario\\AppData\\Local\\Programs\\Python\\Python39\\Scripts\\mlagents-learn config/runnerAgentBCGail.yaml --run-id=HyperparameterTuning",
        "mlagents_version": "0.30.0",
        "mlagents_envs_version": "0.30.0",