{
    "name": "root",
    "gauges": {
        "RunnerAgent.Policy.Entropy.mean": {
            "value": -3.876251220703125,
            "min": -3.876251220703125,
            "max": -0.22179853916168213,
            "count": 3
        },
        "RunnerAgent.Policy.Entropy.sum": {
            "value": -38204.33203125,
            "min": -38204.33203125,
            "max": -2283.6376953125,
            "count": 3
        },
        "RunnerAgent.Environment.EpisodeLength.mean": {
            "value": 261.96774193548384,
            "min": 181.40540540540542,
            "max": 312.8,
            "count": 3
        },
        "RunnerAgent.Environment.EpisodeLength.sum": {
            "value": 8121.0,
            "min": 6256.0,
            "max": 8121.0,
            "count": 3
        },
        "RunnerAgent.Step.mean": {
            "value": 29945.0,
            "min": 9949.0,
            "max": 29945.0,
            "count": 3
        },
        "RunnerAgent.Step.sum": {
            "value": 29945.0,
            "min": 9949.0,
            "max": 29945.0,
            "count": 3
        },
        "RunnerAgent.Policy.ExtrinsicValueEstimate.mean": {
            "value": -18.1700439453125,
            "min": -18.1700439453125,
            "max": 31.44453239440918,
            "count": 3
        },
        "RunnerAgent.Policy.ExtrinsicValueEstimate.sum": {
            "value": -3070.737548828125,
            "min": -3070.737548828125,
            "max": 5471.3486328125,
            "count": 3
        },
        "RunnerAgent.Environment.CumulativeReward.mean": {
            "value": 57.29365974990651,
            "min": 3.3782062581362755,
            "max": 72.80976348252673,
            "count": 3
        },
        "RunnerAgent.Environment.CumulativeReward.sum": {
            "value": 1833.3971119970083,
            "min": 124.9936315510422,
            "max": 1833.3971119970083,
            "count": 3
        },
        "RunnerAgent.Policy.ExtrinsicReward.mean": {
            "value": 57.29365974990651,
            "min": 3.3782062581362755,
            "max": 72.80976348252673,
            "count": 3
        },
        "RunnerAgent.Policy.ExtrinsicReward.sum": {
            "value": 1833.3971119970083,
            "min": 124.9936315510422,
            "max": 1833.3971119970083,
            "count": 3
        },
        "RunnerAgent.Losses.PolicyLoss.mean": {
            "value": 0.6100598195543218,
            "min": 0.2703100102424432,
            "max": 0.6100598195543218,
            "count": 3
        },
        "RunnerAgent.Losses.PolicyLoss.sum": {
            "value": 46.36454628612845,
            "min": 17.57015066575881,
            "max": 46.36454628612845,
            "count": 3
        },
        "RunnerAgent.Losses.ValueLoss.mean": {
            "value": 8108.932042214312,
            "min": 8108.932042214312,
            "max": 16789.84906089666,
            "count": 3
        },
        "RunnerAgent.Losses.ValueLoss.sum": {
            "value": 616278.8352082877,
            "min": 616278.8352082877,
            "max": 1091340.1889582828,
            "count": 3
        },
        "RunnerAgent.Policy.LearningRate.mean": {
            "value": 0.00028494905238540526,
            "min": 0.00028494905238540526,
            "max": 0.00029676699800074456,
            "count": 3
        },
        "RunnerAgent.Policy.LearningRate.sum": {
            "value": 0.0216561279812908,
            "min": 0.019289854870048397,
            "max": 0.0216561279812908,
            "count": 3
        },
        "RunnerAgent.Policy.Epsilon.mean": {
            "value": 0.1949830157894737,
            "min": 0.1949830157894737,
            "max": 0.1989223323076923,
            "count": 3
        },
        "RunnerAgent.Policy.Epsilon.sum": {
            "value": 14.8187092,
            "min": 12.929951599999999,
            "max": 14.8187092,
            "count": 3
        },
        "RunnerAgent.Policy.Beta.mean": {
            "value": 0.0005000000000000001,
            "min": 0.0005,
            "max": 0.0005000000000000001,
            "count": 3
        },
        "RunnerAgent.Policy.Beta.sum": {
            "value": 0.038000000000000006,
            "min": 0.0325,
            "max": 0.038000000000000006,
            "count": 3
        },
        "RunnerAgent.Losses.PretrainingLoss.mean": {
            "value": 0.05046228541290945,
            "min": 0.05046228541290945,
            "max": 0.21156933110822077,
            "count": 3
        },
        "RunnerAgent.Losses.PretrainingLoss.sum": {
            "value": 3.8351336913811185,
            "min": 3.8351336913811185,
            "max": 13.75200652203435,
            "count": 3
        },
        "RunnerAgent.IsTraining.mean": {
            "value": 1.0,
            "min": 1.0,
            "max": 1.0,
            "count": 3
        },
        "RunnerAgent.IsTraining.sum": {
            "value": 1.0,
            "min": 1.0,
            "max": 1.0,
            "count": 3
        }
    },
    "metadata": {
        "timer_format_version": "0.1.0",
        "start_time_seconds": "1717662147",
        "python_version": "3.9.13 (tags/v3.9.13:6de2ca5, May 17 2022, 16:36:42) [MSC v.1929 64 bit (AMD64)]",
        "command_line_arguments": "C:\\Users\\usuario\\AppData\\Local\\Programs\\Python\\Python39\\Scripts\\mlagents-learn config/runnerAgentBC.yaml --run-id=AddingPhysics5",
        "mlagents_version": "0.30.0",
        "mlagents_envs_version": "0.30.0",
        "communication_protocol_version": "1.5.0",
        "pytorch_version": "2.3.0+cpu",
        "numpy_version": "1.21.2",
        "end_time_seconds": "1717662873"
    },
    "total": 725.6420753,
    "count": 1,
    "self": 0.007859899999971276,
    "children": {
        "run_training.setup": {
            "total": 0.08526129999999998,
            "count": 1,
            "self": 0.08526129999999998
        },
        "TrainerController.start_learning": {
            "total": 725.5489541000001,
            "count": 1,
            "self": 0.08913500000039676,
            "children": {
                "TrainerController._reset_env": {
                    "total": 10.702733199999999,
                    "count": 1,
                    "self": 9.9451497,
                    "children": {
                        "demo_to_buffer": {
                            "total": 0.7575834999999991,
                            "count": 1,
                            "self": 6.469999999936249e-05,
                            "children": {
                                "load_demonstration": {
                                    "total": 0.018011800000000022,
                                    "count": 1,
                                    "self": 0.017647600000000097,
                                    "children": {
                                        "read_file": {
                                            "total": 0.0003641999999999257,
                                            "count": 1,
                                            "self": 0.0003641999999999257
                                        }
                                    }
                                },
                                "make_demo_buffer": {
                                    "total": 0.7395069999999997,
                                    "count": 1,
                                    "self": 0.1045426000000873,
                                    "children": {
                                        "steps_from_proto": {
                                            "total": 0.6349643999999124,
                                            "count": 3902,
                                            "self": 0.25975619999982946,
                                            "children": {
                                                "_process_rank_one_or_two_observation": {
                                                    "total": 0.3752082000000829,