{
    "name": "root",
    "gauges": {
        "RunnerAgent.Policy.Entropy.mean": {
            "value": -6.332062721252441,
            "min": -6.332062721252441,
            "max": -0.17076833546161652,
            "count": 6
        },
        "RunnerAgent.Policy.Entropy.sum": {
            "value": -63174.98828125,
            "min": -63174.98828125,
            "max": -1769.50146484375,
            "count": 6
        },
        "RunnerAgent.Environment.EpisodeLength.mean": {
            "value": 33.93910256410256,
            "min": 33.93910256410256,
            "max": 320.7741935483871,
            "count": 6
        },
        "RunnerAgent.Environment.EpisodeLength.sum": {
            "value": 10589.0,
            "min": 7674.0,
            "max": 12201.0,
            "count": 6
        },
        "RunnerAgent.Step.mean": {
            "value": 59964.0,
            "min": 9981.0,
            "max": 59964.0,
            "count": 6
        },
        "RunnerAgent.Step.sum": {
            "value": 59964.0,
            "min": 9981.0,
            "max": 59964.0,
            "count": 6
        },
        "RunnerAgent.Policy.ExtrinsicValueEstimate.mean": {
            "value": 1.1592622995376587,
            "min": -666.972412109375,
            "max": 241.6957244873047,
            "count": 6
        },
        "RunnerAgent.Policy.ExtrinsicValueEstimate.sum": {
            "value": 419.6529541015625,
            "min": -174079.796875,
            "max": 41329.96875,
            "count": 6
        },
        "RunnerAgent.Environment.CumulativeReward.mean": {
            "value": 31.19934441153165,
            "min": 31.19934441153165,
            "max": 974.3879565475809,
            "count": 6
        },
        "RunnerAgent.Environment.CumulativeReward.sum": {
            "value": 9702.996111986344,
            "min": 9702.996111986344,
            "max": 30206.026652975008,
            "count": 6
        },
        "RunnerAgent.Policy.ExtrinsicReward.mean": {
            "value": 31.19934441153165,
            "min": 31.19934441153165,
            "max": 974.3879565475809,
            "count": 6
        },
        "RunnerAgent.Policy.ExtrinsicReward.sum": {
            "value": 9702.996111986344,
            "min": 9702.996111986344,
            "max": 30206.026652975008,
            "count": 6
        },
        "RunnerAgent.Losses.PolicyLoss.mean": {
            "value": 0.2929245644368956,
            "min": 0.25506238397506165,
            "max": 0.32377219048591516,
            "count": 6
        },
        "RunnerAgent.Losses.PolicyLoss.sum": {
            "value": 24.60566341269923,
            "min": 14.793618270553575,
            "max": 24.73505659453329,
            "count": 6
        },
        "RunnerAgent.Losses.ValueLoss.mean": {
            "value": 3332.046815966105,
            "min": 3332.046815966105,
            "max": 286792.0222676512,
            "count": 6
        },
        "RunnerAgent.Losses.ValueLoss.sum": {
            "value": 279891.9325411528,
            "min": 279891.9325411528,
            "max": 22082985.714609146,
            "count": 6
        },
        "RunnerAgent.Policy.LearningRate.mean": {
            "value": 0.0002670026109991333,
            "min": 0.0002670026109991333,
            "max": 0.0002964945011685,
            "count": 6
        },
        "RunnerAgent.Policy.LearningRate.sum": {
            "value": 0.022428219323927197,
            "min": 0.017196681067773,
            "max": 0.022428219323927197,
            "count": 6
        },
        "RunnerAgent.Policy.Epsilon.mean": {
            "value": 0.18900086666666668,
            "min": 0.18900086666666668,
            "max": 0.1988315,
            "count": 6
        },
        "RunnerAgent.Policy.Epsilon.sum": {
            "value": 15.876072800000001,
            "min": 11.532226999999999,
            "max": 15.876072800000001,
            "count": 6
        },
        "RunnerAgent.Policy.Beta.mean": {
            "value": 0.0005000000000000001,
            "min": 0.0005000000000000001,
            "max": 0.0005000000000000001,
            "count": 6
        },
        "RunnerAgent.Policy.Beta.sum": {
            "value": 0.04200000000000001,
            "min": 0.029000000000000005,
            "max": 0.04200000000000001,
            "count": 6
        },
        "RunnerAgent.Losses.PretrainingLoss.mean": {
            "value": 0.02076953589161828,
            "min": 0.02076953589161828,
            "max": 0.1478336948174714,
            "count": 6
        },
        "RunnerAgent.Losses.PretrainingLoss.sum": {
            "value": 1.7446410148959357,
            "min": 1.6759727267300089,
            "max": 8.574354299413342,
            "count": 6
        },
        "RunnerAgent.IsTraining.mean": {
            "value": 1.0,
            "min": 1.0,
            "max": 1.0,
            "count": 6
        },
        "RunnerAgent.IsTraining.sum": {
            "value": 1.0,
            "min": 1.0,
            "max": 1.0,
            "count": 6
        }
    },
    "metadata": {
        "timer_format_version": "0.1.0",
        "start_time_seconds": "1717571338",
        "python_version": "3.9.13 (tags/v3.9.13:6de2ca5, May 17 2022, 16:36:42) [MSC v.1929 64 bit (AMD64)]",
        "command_line_arguments": "C:\\Users\\inituser\\Documents\\GitHub\\Fitoon\\venv\\Scripts\\mlagents-learn config/runnerAgentBC.yaml --run-id=RunnerAgentTry2",
        "mlagents_version": "0.30.0",
        "mlagents_envs_version": "0.30.0",
        "communication_protocol_version": "1.5.0",
        "pytorch_version": "2.3.0+cpu",
        "numpy_version": "1.21.2",
        "end_time_seconds": "1717573552"
    },
    "total": 2213.5386764,
    "count": 1,
    "self": 0.012809599999854981,
    "children": {
        "run_training.setup": {
            "total": 0.1375563999999998,
            "count": 1,
            "self": 0.1375563999999998
        },
        "TrainerController.start_learning": {
            "total": 2213.3883104,
            "count": 1,
            "self": 0.20102580000457237,
            "children": {
                "TrainerController._reset_env": {
                    "total": 51.5442186,
                    "count": 1,
                    "self": 50.0509582,
                    "children": {
                        "demo_to_buffer": {
                            "total": 1.493260400000004,
                            "count": 1,
                            "self": 7.170000000655818e-05,
                            "children": {
                                "load_demonstration": {
                                    "total": 0.019826899999998204,
                                    "count": 1,
                                    "self": 0.019287800000000743,
                                    "children": {
                                        "read_file": {
                                            "total": 0.0005390999999974611,
                                            "count": 1,
                                            "self": 0.0005390999999974611
                                        }
                                    }
                                },
                                "make_demo_buffer": {
                                    "total": 1.4733617999999993,
                                    "count": 1,
                                    "self": 0.18171409999973775,
                                    "children": {
                                        "steps_from_proto": {
                                            "total": 1.2916477000002615,
                                            "count": 4450,
                                            "self": 0.530001500000985,
                                            "children": {
                                                "_process_rank_one_or_two_observation": {
                                                    "total": 0.7616461999992765,