{
    "name": "root",
    "metadata": {
        "timer_format_version": "0.1.0",
        "start_time_seconds": "1695728471",
        "python_version": "3.9.13 (tags/v3.9.13:6de2ca5, May 17 2022, 16:36:42) [MSC v.1929 64 bit (AMD64)]",
        "command_line_arguments": "C:\\Users\\usuario\\Netcode Tests\\venv\\Scripts\\mlagents-learn --run-id=V4",
        "mlagents_version": "0.30.0",
        "mlagents_envs_version": "0.30.0",
        "communication_protocol_version": "1.5.0",
        "pytorch_version": "2.0.1+cpu",
        "numpy_version": "1.21.2",
        "end_time_seconds": "1695728530"
    },
    "total": 58.848920400000004,
    "count": 1,
    "self": 0.016561800000005178,
    "children": {
        "run_training.setup": {
            "total": 0.038812099999999905,
            "count": 1,
            "self": 0.038812099999999905
        },
        "TrainerController.start_learning": {
            "total": 58.7935465,
            "count": 1,
            "self": 0.0420896000000468,
            "children": {
                "TrainerController._reset_env": {
                    "total": 15.095903400000001,
                    "count": 1,
                    "self": 15.095903400000001
                },
                "TrainerController.advance": {
                    "total": 43.50462459999996,
                    "count": 1344,
                    "self": 0.03501229999998401,
                    "children": {
                        "env_step": {
                            "total": 32.4227529999999,
                            "count": 1344,
                            "self": 31.0957193999996,
                            "children": {
                                "SubprocessEnvManager._take_step": {
                                    "total": 1.3029808000000749,
                                    "count": 1344,
                                    "self": 0.11237090000010497,
                                    "children": {
                                        "TorchPolicy.evaluate": {
                                            "total": 1.19060989999997,
                                            "count": 1174,
                                            "self": 1.19060989999997
                                        }
                                    }
                                },
                                "workers": {
                                    "total": 0.024052800000227137,
                                    "count": 1343,
                                    "self": 0.0,
                                    "children": {
                                        "worker_root": {
                                            "total": 43.47585500000007,
                                            "count": 1343,
                                            "is_parallel": true,
                                            "self": 15.576517599999981,
                                            "children": {
                                                "steps_from_proto": {
                                                    "total": 0.0013266000000005107,
                                                    "count": 1,
                                                    "is_parallel": true,
                                                    "self": 0.00018830000000136238,
                                                    "children": {
                                                        "_process_rank_one_or_two_observation": {
                                                            "total": 0.0011382999999991483,
                                                            "count": 6,
                                                            "is_parallel": true,
                                                            "self": 0.0011382999999991483
                                                        }
                                                    }
                                                },
                                                "UnityEnvironment.step": {
                                                    "total": 27.898010800000083,
                                                    "count": 1343,
                                                    "is_parallel": true,
                                                    "self": 0.6432770999999384,
                                                    "children": {
                                                        "UnityEnvironment._generate_step_input": {
                                                            "total": 0.7032503000000005,
                                                            "count": 1343,
                                                            "is_parallel": true,
                                                            "self": 0.7032503000000005
                                                        },
                                                        "communicator.exchange": {
                                                            "total": 24.974742300000145,
                                                            "count": 1343,
                                                            "is_parallel": true,
                                                            "self": 24.974742300000145
                                                        },
                                                        "steps_from_proto": {
                                                            "total": 1.5767410999999978,
                                                            "count": 1343,
                                                            "is_parallel": true,
                                                            "self": 0.2434960999999518,
                                                            "children": {
                                                                "_process_rank_one_or_two_observation": {
                                                                    "total": 1.333245000000046,
                                                                    "count": 8058,
                                                                    "is_parallel": true,
                                                                    "self": 1.333245000000046
                                                                }
                                                            }
                                                        }
                                                    }
                                                }
                                            }
                                        }
                                    }
                                }
                            }
                        },
                        "trainer_advance": {
                            "total": 11.046859300000072,
                            "count": 1343,
                            "self": 0.0667530000001868,
                            "children": {
                                "process_trajectory": {
                                    "total": 3.6606672999998864,
                                    "count": 1343,
                                    "self": 3.6606672999998864
                                },
                                "_update_policy": {
                                    "total": 7.319438999999999,
                                    "count": 3,
                                    "self": 5.649795999999995,
                                    "children": {
                                        "TorchPPOOptimizer.update": {
                                            "total": 1.6696430000000042,
                                            "count": 90,