{
    "name": "root",
    "gauges": {
        "RunnerAgent.Policy.Entropy.mean": {
            "value": -5.20942497253418,
            "min": -5.20942497253418,
            "max": 0.7480562925338745,
            "count": 6
        },
        "RunnerAgent.Policy.Entropy.sum": {
            "value": -52547.46875,
            "min": -52547.46875,
            "max": 7899.474609375,
            "count": 6
        },
        "RunnerAgent.Environment.EpisodeLength.mean": {
            "value": 720.8181818181819,
            "min": 321.5,
            "max": 1739.0,
            "count": 6
        },
        "RunnerAgent.Environment.EpisodeLength.sum": {
            "value": 7929.0,
            "min": 643.0,
            "max": 14657.0,
            "count": 6
        },
        "RunnerAgent.Step.mean": {
            "value": 59994.0,
            "min": 9989.0,
            "max": 59994.0,
            "count": 6
        },
        "RunnerAgent.Step.sum": {
            "value": 59994.0,
            "min": 9989.0,
            "max": 59994.0,
            "count": 6
        },
        "RunnerAgent.Policy.ExtrinsicValueEstimate.mean": {
            "value": 142.85475158691406,
            "min": 123.04197692871094,
            "max": 337.8197937011719,
            "count": 6
        },
        "RunnerAgent.Policy.ExtrinsicValueEstimate.sum": {
            "value": 23428.1796875,
            "min": 19317.58984375,
            "max": 54051.16796875,
            "count": 6
        },
        "RunnerAgent.Environment.CumulativeReward.mean": {
            "value": 1513.9453711243855,
            "min": 1095.0220165252686,
            "max": 4171.826684464104,
            "count": 6
        },
        "RunnerAgent.Environment.CumulativeReward.sum": {
            "value": 16653.39908236824,
            "min": 2190.044033050537,
            "max": 50806.9946356616,
            "count": 6
        },
        "RunnerAgent.Policy.ExtrinsicReward.mean": {
            "value": 1513.9453711243855,
            "min": 1095.0220165252686,
            "max": 4171.826684464104,
            "count": 6
        },
        "RunnerAgent.Policy.ExtrinsicReward.sum": {
            "value": 16653.39908236824,
            "min": 2190.044033050537,
            "max": 50806.9946356616,
            "count": 6
        },
        "RunnerAgent.Losses.PolicyLoss.mean": {
            "value": 0.3130003490711222,
            "min": 0.2555928731762259,
            "max": 0.3130003490711222,
            "count": 6
        },
        "RunnerAgent.Losses.PolicyLoss.sum": {
            "value": 22.84902548219192,
            "min": 5.111857463524518,
            "max": 22.84902548219192,
            "count": 6
        },
        "RunnerAgent.Losses.ValueLoss.mean": {
            "value": 1118.1340174645156,
            "min": 1118.1340174645156,
            "max": 5373.336714350086,
            "count": 6
        },
        "RunnerAgent.Losses.ValueLoss.sum": {
            "value": 81623.78327490964,
            "min": 44435.35505694912,
            "max": 317026.8661466551,
            "count": 6
        },
        "RunnerAgent.Policy.LearningRate.mean": {
            "value": 0.0002669951205906712,
            "min": 0.0002669951205906712,
            "max": 0.00029633721122093,
            "count": 6
        },
        "RunnerAgent.Policy.LearningRate.sum": {
            "value": 0.019490643803118997,
            "min": 0.0059267442244185994,
            "max": 0.0210943305685566,
            "count": 6
        },
        "RunnerAgent.Policy.Epsilon.mean": {
            "value": 0.18899836986301372,
            "min": 0.18899836986301372,
            "max": 0.19877907,
            "count": 6
        },
        "RunnerAgent.Policy.Epsilon.sum": {
            "value": 13.796881,
            "min": 3.9755814000000003,
            "max": 14.431443400000001,
            "count": 6
        },
        "RunnerAgent.Policy.Beta.mean": {
            "value": 0.0005,
            "min": 0.0005,
            "max": 0.0005000000000000002,
            "count": 6
        },
        "RunnerAgent.Policy.Beta.sum": {
            "value": 0.036500000000000005,
            "min": 0.010000000000000005,
            "max": 0.037000000000000005,
            "count": 6
        },
        "RunnerAgent.Losses.PretrainingLoss.mean": {
            "value": 0.030000794432073378,
            "min": 0.030000794432073378,
            "max": 0.36247739327613204,
            "count": 6
        },
        "RunnerAgent.Losses.PretrainingLoss.sum": {
            "value": 2.1900579935413567,
            "min": 2.1900579935413567,
            "max": 7.249547865522641,
            "count": 6
        },
        "RunnerAgent.IsTraining.mean": {
            "value": 1.0,
            "min": 1.0,
            "max": 1.0,
            "count": 6
        },
        "RunnerAgent.IsTraining.sum": {
            "value": 1.0,
            "min": 1.0,
            "max": 1.0,
            "count": 6
        }
    },
    "metadata": {
        "timer_format_version": "0.1.0",
        "start_time_seconds": "1717669309",
        "python_version": "3.9.13 (tags/v3.9.13:6de2ca5, May 17 2022, 16:36:42) [MSC v.1929 64 bit (AMD64)]",
        "command_line_arguments": "C:\\Users\\usuario\\AppData\\Local\\Programs\\Python\\Python39\\Scripts\\mlagents-learn config/runnerAgentBC.yaml --run-id=AddingPhysics8",
        "mlagents_version": "0.30.0",
        "mlagents_envs_version": "0.30.0",
        "communication_protocol_version": "1.5.0",
        "pytorch_version": "2.3.0+cpu",
        "numpy_version": "1.21.2",
        "end_time_seconds": "1717670994"
    },
    "total": 1685.3566211,
    "count": 1,
    "self": 0.012294999999994616,
    "children": {
        "run_training.setup": {
            "total": 0.08639110000000016,
            "count": 1,
            "self": 0.08639110000000016
        },
        "TrainerController.start_learning": {
            "total": 1685.257935,
            "count": 1,
            "self": 0.18556600000238177,
            "children": {
                "TrainerController._reset_env": {
                    "total": 10.727127,
                    "count": 1,
                    "self": 9.765659,
                    "children": {
                        "demo_to_buffer": {
                            "total": 0.961468,
                            "count": 1,
                            "self": 5.519999999847869e-05,
                            "children": {
                                "load_demonstration": {
                                    "total": 0.014403200000000282,
                                    "count": 1,
                                    "self": 0.013883500000000382,
                                    "children": {
                                        "read_file": {
                                            "total": 0.0005196999999999008,
                                            "count": 1,
                                            "self": 0.0005196999999999008
                                        }
                                    }
                                },
                                "make_demo_buffer": {
                                    "total": 0.9470096000000012,
                                    "count": 1,
                                    "self": 0.13226800000005845,
                                    "children": {
                                        "steps_from_proto": {
                                            "total": 0.8147415999999428,
                                            "count": 5058,
                                            "self": 0.33241590000006127,
                                            "children": {
                                                "_process_rank_one_or_two_observation": {
                                                    "total": 0.4823256999998815,
                                                    "count": 30348,