{
    "name": "root",
    "gauges": {
        "RunnerAgent.Policy.Entropy.mean": {
            "value": 0.8837805390357971,
            "min": 0.8837805390357971,
            "max": 1.4189385175704956,
            "count": 500
        },
        "RunnerAgent.Policy.Entropy.sum": {
            "value": 1390.186767578125,
            "min": 1390.186767578125,
            "max": 3870.8642578125,
            "count": 500
        },
        "RunnerAgent.Environment.EpisodeLength.mean": {
            "value": 558.6,
            "min": 52.5,
            "max": 959.5,
            "count": 497
        },
        "RunnerAgent.Environment.EpisodeLength.sum": {
            "value": 2793.0,
            "min": 105.0,
            "max": 5572.0,
            "count": 497
        },
        "RunnerAgent.Step.mean": {
            "value": 999951.0,
            "min": 1990.0,
            "max": 999951.0,
            "count": 500
        },
        "RunnerAgent.Step.sum": {
            "value": 999951.0,
            "min": 1990.0,
            "max": 999951.0,
            "count": 500
        },
        "RunnerAgent.Policy.ExtrinsicValueEstimate.mean": {
            "value": -51.738304138183594,
            "min": -244.406494140625,
            "max": 134.37893676757812,
            "count": 500
        },
        "RunnerAgent.Policy.ExtrinsicValueEstimate.sum": {
            "value": -879.5511474609375,
            "min": -4399.31689453125,
            "max": 2687.57861328125,
            "count": 500
        },
        "RunnerAgent.Policy.GailValueEstimate.mean": {
            "value": 18.32887840270996,
            "min": -0.3813454210758209,
            "max": 25.17112159729004,
            "count": 500
        },
        "RunnerAgent.Policy.GailValueEstimate.sum": {
            "value": 311.5909423828125,
            "min": -9.9149808883667,
            "max": 515.5549926757812,
            "count": 500
        },
        "RunnerAgent.Environment.CumulativeReward.mean": {
            "value": 674.7820472717285,
            "min": -110.11642456054688,
            "max": 2850.8941764831543,
            "count": 498
        },
        "RunnerAgent.Environment.CumulativeReward.sum": {
            "value": 2699.128189086914,
            "min": -1518.0481147766113,
            "max": 9072.770805358887,
            "count": 498
        },
        "RunnerAgent.Policy.ExtrinsicReward.mean": {
            "value": 674.7820472717285,
            "min": -110.11642456054688,
            "max": 2850.8941764831543,
            "count": 498
        },
        "RunnerAgent.Policy.ExtrinsicReward.sum": {
            "value": 2699.128189086914,
            "min": -1518.0481147766113,
            "max": 9072.770805358887,
            "count": 498
        },
        "RunnerAgent.Policy.GailReward.mean": {
            "value": 154.0421109199524,
            "min": 14.051990032196045,
            "max": 370.2469415664673,
            "count": 498
        },
        "RunnerAgent.Policy.GailReward.sum": {
            "value": 616.1684436798096,
            "min": 16.54013442993164,
            "max": 1633.4281215965748,
            "count": 498
        },
        "RunnerAgent.IsTraining.mean": {
            "value": 1.0,
            "min": 1.0,
            "max": 1.0,
            "count": 500
        },
        "RunnerAgent.IsTraining.sum": {
            "value": 1.0,
            "min": 1.0,
            "max": 1.0,
            "count": 500
        },
        "RunnerAgent.Losses.PolicyLoss.mean": {
            "value": 0.03473619493888691,
            "min": 0.022572496276552556,
            "max": 0.04160164502536645,
            "count": 240
        },
        "RunnerAgent.Losses.PolicyLoss.sum": {
            "value": 0.03473619493888691,
            "min": 0.022572496276552556,
            "max": 0.04160164502536645,
            "count": 240
        },
        "RunnerAgent.Losses.ValueLoss.mean": {
            "value": 23410.34539794922,
            "min": 7709.693397521973,
            "max": 43484.30340576172,
            "count": 240
        },
        "RunnerAgent.Losses.ValueLoss.sum": {
            "value": 23410.34539794922,
            "min": 7709.693397521973,
            "max": 43484.30340576172,
            "count": 240
        },
        "RunnerAgent.Policy.LearningRate.mean": {
            "value": 6.081997973000003e-07,
            "min": 6.081997973000003e-07,
            "max": 0.000298752000416,
            "count": 240
        },
        "RunnerAgent.Policy.LearningRate.sum": {
            "value": 6.081997973000003e-07,
            "min": 6.081997973000003e-07,
            "max": 0.000298752000416,
            "count": 240
        },
        "RunnerAgent.Policy.Epsilon.mean": {
            "value": 0.10020269999999999,
            "min": 0.10020269999999999,
            "max": 0.199584,
            "count": 240
        },
        "RunnerAgent.Policy.Epsilon.sum": {
            "value": 0.10020269999999999,
            "min": 0.10020269999999999,
            "max": 0.199584,
            "count": 240
        },
        "RunnerAgent.Policy.Beta.mean": {
            "value": 0.01,
            "min": 0.01,
            "max": 0.01,
            "count": 240
        },
        "RunnerAgent.Policy.Beta.sum": {
            "value": 0.01,
            "min": 0.01,
            "max": 0.01,
            "count": 240
        },
        "RunnerAgent.Policy.GAILPolicyEstimate.mean": {
            "value": 0.33419278729707,
            "min": 0.2829464180395007,
            "max": 0.44994361605495214,
            "count": 240
        },
        "RunnerAgent.Policy.GAILPolicyEstimate.sum": {
            "value": 0.33419278729707,
            "min": 0.2829464180395007,
            "max": 0.44994361605495214,
            "count": 240
        },
        "RunnerAgent.Policy.GAILExpertEstimate.mean": {
            "value": 0.6828983118757606,
            "min": 0.4867478054948151,
            "max": 0.7123308219015598,
            "count": 240
        },
        "RunnerAgent.Policy.GAILExpertEstimate.sum": {
            "value": 0.6828983118757606,
            "min": 0.4867478054948151,
            "max": 0.7123308219015598,
            "count": 240
        },
        "RunnerAgent.Losses.GAILLoss.mean": {
            "value": 0.8957995865494013,
            "min": 0.7738778423517942,
            "max": 1.1937985271215439,
            "count": 240
        },
        "RunnerAgent.Losses.GAILLoss.sum": {
            "value": 0.8957995865494013,
            "min": 0.7738778423517942,
            "max": 1.1937985271215439,
            "count": 240
        },
        "RunnerAgent.Policy.GAILGradMagLoss.mean": {
            "value": 0.03609068802325055,
            "min": 0.020715380349429324,
            "max": 7.85526180267334,
            "count": 240
        },
        "RunnerAgent.Policy.GAILGradMagLoss.sum": {
            "value": 0.03609068802325055,
            "min": 0.020715380349429324,
            "max": 7.85526180267334,
            "count": 240
        },
        "RunnerAgent.Losses.PretrainingLoss.mean": {
            "value": 0.4191864501862299,
            "min": 0.41523320760045734,
            "max": 1.5302314701534452,
            "count": 240
        },
        "RunnerAgent.Losses.PretrainingLoss.sum": {
            "value": 0.4191864501862299,
            "min": 0.41523320760045734,
            "max": 1.5302314701534452,
            "count": 240
        }
    },
    "metadata": {
        "timer_format_version": "0.1.0",
        "start_time_seconds": "1718091779",
        "python_version": "3.9.13 (tags/v3.9.13:6de2ca5, May 17 2022, 16:36:42) [MSC v.1929 64 bit (AMD64)]",
        "command_line_arguments": "C:\\Users\\usuario\\AppData\\Local\\Programs\\Python\\Python39\\Scripts\\mlagents-learn config/runnerAgentBCGail.yaml --run-id=FullMapActive",
        "mlagents_version": "0.30.0",
        "mlagents_envs_version": "0.30.0",
        "communication_protocol_version": "1.5.0",