{
    "name": "root",
    "gauges": {
        "MoveToGoal.Policy.Entropy.mean": {
            "value": 1.4474594593048096,
            "min": 1.4408071041107178,
            "max": 1.44808828830719,
            "count": 10
        },
        "MoveToGoal.Policy.Entropy.sum": {
            "value": 72069.0078125,
            "min": 71841.0625,
            "max": 73236.2265625,
            "count": 10
        },
        "MoveToGoal.Step.mean": {
            "value": 499970.0,
            "min": 49947.0,
            "max": 499970.0,
            "count": 10
        },
        "MoveToGoal.Step.sum": {
            "value": 499970.0,
            "min": 49947.0,
            "max": 499970.0,
            "count": 10
        },
        "MoveToGoal.Policy.ExtrinsicValueEstimate.mean": {
            "value": 1.0584979057312012,
            "min": -1.1141411066055298,
            "max": 20.787466049194336,
            "count": 10
        },
        "MoveToGoal.Policy.ExtrinsicValueEstimate.sum": {
            "value": 853.1492919921875,
            "min": -909.13916015625,
            "max": 17087.296875,
            "count": 10
        },
        "MoveToGoal.Environment.EpisodeLength.mean": {
            "value": 920.0238095238095,
            "min": 497.7375,
            "max": 1016.2727272727273,
            "count": 10
        },
        "MoveToGoal.Environment.EpisodeLength.sum": {
            "value": 38641.0,
            "min": 38641.0,
            "max": 57408.0,
            "count": 10
        },
        "MoveToGoal.Environment.CumulativeReward.mean": {
            "value": -12.5571380138752,
            "min": -13.156247770786285,
            "max": -12.216975896988275,
            "count": 10
        },
        "MoveToGoal.Environment.CumulativeReward.sum": {
            "value": -527.3997965827584,
            "min": -1052.4998216629028,
            "max": -527.3997965827584,
            "count": 10
        },
        "MoveToGoal.Policy.ExtrinsicReward.mean": {
            "value": -12.5571380138752,
            "min": -13.156247770786285,
            "max": -12.216975896988275,
            "count": 10
        },
        "MoveToGoal.Policy.ExtrinsicReward.sum": {
            "value": -527.3997965827584,
            "min": -1052.4998216629028,
            "max": -527.3997965827584,
            "count": 10
        },
        "MoveToGoal.Losses.PolicyLoss.mean": {
            "value": 0.022083761643928786,
            "min": 0.02154271850051979,
            "max": 0.0256914570229128,
            "count": 10
        },
        "MoveToGoal.Losses.PolicyLoss.sum": {
            "value": 0.11041880821964394,
            "min": 0.09640474490976583,
            "max": 0.128457285114564,
            "count": 10
        },
        "MoveToGoal.Losses.ValueLoss.mean": {
            "value": 111.55746879577637,
            "min": 78.12420639038086,
            "max": 209.4220101038615,
            "count": 10
        },
        "MoveToGoal.Losses.ValueLoss.sum": {
            "value": 557.7873439788818,
            "min": 390.6210319519043,
            "max": 837.688040415446,
            "count": 10
        },
        "MoveToGoal.Policy.LearningRate.mean": {
            "value": 1.6296574567840003e-05,
            "min": 1.6296574567840003e-05,
            "max": 0.00028459155513615,
            "count": 10
        },
        "MoveToGoal.Policy.LearningRate.sum": {
            "value": 8.148287283920001e-05,
            "min": 8.148287283920001e-05,
            "max": 0.0012839100720299997,
            "count": 10
        },
        "MoveToGoal.Policy.Epsilon.mean": {
            "value": 0.10543216000000002,
            "min": 0.10543216000000002,
            "max": 0.19486385000000003,
            "count": 10
        },
        "MoveToGoal.Policy.Epsilon.sum": {
            "value": 0.5271608000000001,
            "min": 0.4998102,
            "max": 0.9279700000000001,
            "count": 10
        },
        "MoveToGoal.Policy.Beta.mean": {
            "value": 0.00028106478400000004,
            "min": 0.00028106478400000004,
            "max": 0.004743706115000001,
            "count": 10
        },
        "MoveToGoal.Policy.Beta.sum": {
            "value": 0.0014053239200000002,
            "min": 0.0014053239200000002,
            "max": 0.021405702999999998,
            "count": 10
        },
        "MoveToGoal.IsTraining.mean": {
            "value": 1.0,
            "min": 1.0,
            "max": 1.0,
            "count": 10
        },
        "MoveToGoal.IsTraining.sum": {
            "value": 1.0,
            "min": 1.0,
            "max": 1.0,
            "count": 10
        }
    },
    "metadata": {
        "timer_format_version": "0.1.0",
        "start_time_seconds": "1689755772",
        "python_version": "3.9.13 (tags/v3.9.13:6de2ca5, May 17 2022, 16:36:42) [MSC v.1929 64 bit (AMD64)]",
        "command_line_arguments": "C:\\Users\\usuario\\Netcode Tests\\venv\\Scripts\\mlagents-learn results/Test3/configuration.yaml --initialize-from=Test3 --run-id=Test3 --force",
        "mlagents_version": "0.30.0",
        "mlagents_envs_version": "0.30.0",
        "communication_protocol_version": "1.5.0",
        "pytorch_version": "2.0.1+cpu",
        "numpy_version": "1.21.2",
        "end_time_seconds": "1689756133"
    },
    "total": 361.3040792,
    "count": 1,
    "self": 0.013335500000039247,
    "children": {
        "run_training.setup": {
            "total": 0.11114060000000014,
            "count": 1,
            "self": 0.11114060000000014
        },
        "TrainerController.start_learning": {
            "total": 361.17960309999995,
            "count": 1,
            "self": 0.6494944000010037,
            "children": {
                "TrainerController._reset_env": {
                    "total": 7.876983299999999,
                    "count": 1,
                    "self": 7.876983299999999
                },
                "TrainerController.advance": {
                    "total": 352.5937615999989,
                    "count": 19258,
                    "self": 0.5800082999946312,
                    "children": {
                        "env_step": {
                            "total": 208.0956039000014,
                            "count": 19258,
                            "self": 185.53255570000246,
                            "children": {
                                "SubprocessEnvManager._take_step": {
                                    "total": 22.17519209999808,
                                    "count": 19258,
                                    "self": 1.8162868999978627,
                                    "children": {
                                        "TorchPolicy.evaluate": {
                                            "total": 20.358905200000216,
                                            "count": 19258,
                                            "self": 20.358905200000216
                                        }
                                    }
                                },
                                "workers": {
                                    "total": 0.3878561000008709,
                                    "count": 19258,
                                    "self": 0.0,
                                    "children": {
                                        "worker_root": {
                                            "total": 352.39951970000305,
                                            "count": 19258,
                                            "is_parallel": true,
                                            "self": 209.57663180000412,
                                            "children": {
                                                "steps_from_proto": {
                                                    "total": 0.0009290999999995719,
                                                    "count": 1,