{
    "name": "root",
    "gauges": {
        "RunnerAgent.Policy.Entropy.mean": {
            "value": -0.6531044840812683,
            "min": -0.6531044840812683,
            "max": 0.8256007432937622,
            "count": 2
        },
        "RunnerAgent.Policy.Entropy.sum": {
            "value": -6436.998046875,
            "min": -6436.998046875,
            "max": 8718.34375,
            "count": 2
        },
        "RunnerAgent.Environment.EpisodeLength.mean": {
            "value": 1333.5714285714287,
            "min": 0.0,
            "max": 1333.5714285714287,
            "count": 2
        },
        "RunnerAgent.Environment.EpisodeLength.sum": {
            "value": 9335.0,
            "min": 0.0,
            "max": 9335.0,
            "count": 2
        },
        "RunnerAgent.Step.mean": {
            "value": 19967.0,
            "min": 9985.0,
            "max": 19967.0,
            "count": 2
        },
        "RunnerAgent.Step.sum": {
            "value": 19967.0,
            "min": 9985.0,
            "max": 19967.0,
            "count": 2
        },
        "RunnerAgent.Policy.ExtrinsicValueEstimate.mean": {
            "value": 146.98104858398438,
            "min": 117.4294662475586,
            "max": 146.98104858398438,
            "count": 2
        },
        "RunnerAgent.Policy.ExtrinsicValueEstimate.sum": {
            "value": 23516.966796875,
            "min": 18436.42578125,
            "max": 23516.966796875,
            "count": 2
        },
        "RunnerAgent.Environment.CumulativeReward.mean": {
            "value": 3767.1912436321645,
            "min": -10.0,
            "max": 3767.1912436321645,
            "count": 2
        },
        "RunnerAgent.Environment.CumulativeReward.sum": {
            "value": 26370.33870542515,
            "min": -10.0,
            "max": 26370.33870542515,
            "count": 2
        },
        "RunnerAgent.Policy.ExtrinsicReward.mean": {
            "value": 3767.1912436321645,
            "min": -10.0,
            "max": 3767.1912436321645,
            "count": 2
        },
        "RunnerAgent.Policy.ExtrinsicReward.sum": {
            "value": 26370.33870542515,
            "min": -10.0,
            "max": 26370.33870542515,
            "count": 2
        },
        "RunnerAgent.Losses.PolicyLoss.mean": {
            "value": 0.25621378037116543,
            "min": 0.25621378037116543,
            "max": 0.2564553857317213,
            "count": 2
        },
        "RunnerAgent.Losses.PolicyLoss.sum": {
            "value": 7.942627191506129,
            "min": 3.5903754002440977,
            "max": 7.942627191506129,
            "count": 2
        },
        "RunnerAgent.Losses.ValueLoss.mean": {
            "value": 5558.599848512757,
            "min": 2120.260839783415,
            "max": 5558.599848512757,
            "count": 2
        },
        "RunnerAgent.Losses.ValueLoss.sum": {
            "value": 172316.59530389545,
            "min": 29683.651756967814,
            "max": 172316.59530389545,
            "count": 2
        },
        "RunnerAgent.Policy.LearningRate.mean": {
            "value": 0.0002903462161211548,
            "min": 0.0002903462161211548,
            "max": 0.00029686980104339997,
            "count": 2
        },
        "RunnerAgent.Policy.LearningRate.sum": {
            "value": 0.0090007326997558,
            "min": 0.0041561772146075995,
            "max": 0.0090007326997558,
            "count": 2
        },
        "RunnerAgent.Policy.Epsilon.mean": {
            "value": 0.1967820709677419,
            "min": 0.1967820709677419,
            "max": 0.19895660000000004,
            "count": 2
        },
        "RunnerAgent.Policy.Epsilon.sum": {
            "value": 6.100244199999999,
            "min": 2.7853924000000005,
            "max": 6.100244199999999,
            "count": 2
        },
        "RunnerAgent.Policy.Beta.mean": {
            "value": 0.0005000000000000001,
            "min": 0.0005000000000000001,
            "max": 0.0005000000000000003,
            "count": 2
        },
        "RunnerAgent.Policy.Beta.sum": {
            "value": 0.015500000000000005,
            "min": 0.0070000000000000045,
            "max": 0.015500000000000005,
            "count": 2
        },
        "RunnerAgent.Losses.PretrainingLoss.mean": {
            "value": 0.09057268792053855,
            "min": 0.09057268792053855,
            "max": 0.46135151713948563,
            "count": 2
        },
        "RunnerAgent.Losses.PretrainingLoss.sum": {
            "value": 2.807753325536695,
            "min": 2.807753325536695,
            "max": 6.458921239952799,
            "count": 2
        },
        "RunnerAgent.IsTraining.mean": {
            "value": 1.0,
            "min": 1.0,
            "max": 1.0,
            "count": 2
        },
        "RunnerAgent.IsTraining.sum": {
            "value": 1.0,
            "min": 1.0,
            "max": 1.0,
            "count": 2
        }
    },
    "metadata": {
        "timer_format_version": "0.1.0",
        "start_time_seconds": "1717668326",
        "python_version": "3.9.13 (tags/v3.9.13:6de2ca5, May 17 2022, 16:36:42) [MSC v.1929 64 bit (AMD64)]",
        "command_line_arguments": "C:\\Users\\usuario\\AppData\\Local\\Programs\\Python\\Python39\\Scripts\\mlagents-learn config/runnerAgentBC.yaml --run-id=AddingPhysics7",
        "mlagents_version": "0.30.0",
        "mlagents_envs_version": "0.30.0",
        "communication_protocol_version": "1.5.0",
        "pytorch_version": "2.3.0+cpu",
        "numpy_version": "1.21.2",
        "end_time_seconds": "1717668869"
    },
    "total": 543.3193893,
    "count": 1,
    "self": 0.010949399999958587,
    "children": {
        "run_training.setup": {
            "total": 0.08820110000000003,
            "count": 1,
            "self": 0.08820110000000003
        },
        "TrainerController.start_learning": {
            "total": 543.2202388000001,
            "count": 1,
            "self": 0.07474539999952867,
            "children": {
                "TrainerController._reset_env": {
                    "total": 9.6861711,
                    "count": 1,
                    "self": 8.731371999999999,
                    "children": {
                        "demo_to_buffer": {
                            "total": 0.9547991000000007,
                            "count": 1,
                            "self": 5.5200000000255045e-05,
                            "children": {
                                "load_demonstration": {
                                    "total": 0.01609610000000039,
                                    "count": 1,
                                    "self": 0.015553700000001669,
                                    "children": {
                                        "read_file": {
                                            "total": 0.0005423999999987217,
                                            "count": 1,
                                            "self": 0.0005423999999987217
                                        }
                                    }
                                },
                                "make_demo_buffer": {
                                    "total": 0.9386478,
                                    "count": 1,
                                    "self": 0.13153989999998927,
                                    "children": {
                                        "steps_from_proto": {
                                            "total": 0.8071079000000108,
                                            "count": 5058,
                                            "self": 0.3344330999999503,
                                            "children": {
                                                "_process_rank_one_or_two_observation": {
                                                    "total": 0.47267480000006046,