{
    "name": "root",
    "gauges": {
        "MoveToGoal.Policy.Entropy.mean": {
            "value": 0.8982902765274048,
            "min": 0.8982902765274048,
            "max": 0.9180655479431152,
            "count": 11
        },
        "MoveToGoal.Policy.Entropy.sum": {
            "value": 44267.74609375,
            "min": 24969.0625,
            "max": 47915.59375,
            "count": 11
        },
        "MoveToGoal.Environment.EpisodeLength.mean": {
            "value": 101.6632860040568,
            "min": 97.28691983122363,
            "max": 102.37394957983193,
            "count": 11
        },
        "MoveToGoal.Environment.EpisodeLength.sum": {
            "value": 50120.0,
            "min": 23057.0,
            "max": 52526.0,
            "count": 11
        },
        "MoveToGoal.Step.mean": {
            "value": 5899994.0,
            "min": 5399997.0,
            "max": 5899994.0,
            "count": 11
        },
        "MoveToGoal.Step.sum": {
            "value": 5899994.0,
            "min": 5399997.0,
            "max": 5899994.0,
            "count": 11
        },
        "MoveToGoal.Policy.ExtrinsicValueEstimate.mean": {
            "value": 685.1807861328125,
            "min": 635.2728271484375,
            "max": 685.1807861328125,
            "count": 11
        },
        "MoveToGoal.Policy.ExtrinsicValueEstimate.sum": {
            "value": 664625.375,
            "min": 308011.09375,
            "max": 664625.375,
            "count": 11
        },
        "MoveToGoal.Environment.CumulativeReward.mean": {
            "value": 1055.3800806767545,
            "min": 930.5694593731155,
            "max": 1064.8535672313762,
            "count": 11
        },
        "MoveToGoal.Environment.CumulativeReward.sum": {
            "value": 521357.7598543167,
            "min": 217753.25349330902,
            "max": 531007.5144796371,
            "count": 11
        },
        "MoveToGoal.Policy.ExtrinsicReward.mean": {
            "value": 1055.3800806767545,
            "min": 930.5694593731155,
            "max": 1064.8535672313762,
            "count": 11
        },
        "MoveToGoal.Policy.ExtrinsicReward.sum": {
            "value": 521357.7598543167,
            "min": 217753.25349330902,
            "max": 531007.5144796371,
            "count": 11
        },
        "MoveToGoal.Losses.PolicyLoss.mean": {
            "value": 0.024197555374121296,
            "min": 0.020246379341309267,
            "max": 0.02564766218497728,
            "count": 11
        },
        "MoveToGoal.Losses.PolicyLoss.sum": {
            "value": 0.09679022149648518,
            "min": 0.040492758682618535,
            "max": 0.1282383109248864,
            "count": 11
        },
        "MoveToGoal.Losses.ValueLoss.mean": {
            "value": 536.258455657959,
            "min": 241.34286084493002,
            "max": 4756.109757486979,
            "count": 11
        },
        "MoveToGoal.Losses.ValueLoss.sum": {
            "value": 2145.033822631836,
            "min": 1206.71430422465,
            "max": 13496.889448801676,
            "count": 11
        },
        "MoveToGoal.Policy.LearningRate.mean": {
            "value": 0.0002647517247494289,
            "min": 0.0002647517247494289,
            "max": 0.00026765909578030497,
            "count": 11
        },
        "MoveToGoal.Policy.LearningRate.sum": {
            "value": 0.0010590068989977156,
            "min": 0.0005353181915606099,
            "max": 0.0013372068302644079,
            "count": 11
        },
        "MoveToGoal.Policy.Epsilon.mean": {
            "value": 0.188250571,
            "min": 0.188250571,
            "max": 0.18921969500000008,
            "count": 11
        },
        "MoveToGoal.Policy.Epsilon.sum": {
            "value": 0.753002284,
            "min": 0.37843939000000015,
            "max": 0.9457355920000001,
            "count": 11
        },
        "MoveToGoal.Policy.Beta.mean": {
            "value": 0.004413703492900001,
            "min": 0.004413703492900001,
            "max": 0.004462062780500001,
            "count": 11
        },
        "MoveToGoal.Policy.Beta.sum": {
            "value": 0.017654813971600004,
            "min": 0.008924125561000001,
            "max": 0.022292206040799997,
            "count": 11
        },
        "MoveToGoal.IsTraining.mean": {
            "value": 1.0,
            "min": 1.0,
            "max": 1.0,
            "count": 11
        },
        "MoveToGoal.IsTraining.sum": {
            "value": 1.0,
            "min": 1.0,
            "max": 1.0,
            "count": 11
        }
    },
    "metadata": {
        "timer_format_version": "0.1.0",
        "start_time_seconds": "1689841058",
        "python_version": "3.9.13 (tags/v3.9.13:6de2ca5, May 17 2022, 16:36:42) [MSC v.1929 64 bit (AMD64)]",
        "command_line_arguments": "C:\\Users\\usuario\\Netcode Tests\\venv\\Scripts\\mlagents-learn results/configuration.yaml --run-id=Try1 --resume",
        "mlagents_version": "0.30.0",
        "mlagents_envs_version": "0.30.0",
        "communication_protocol_version": "1.5.0",
        "pytorch_version": "2.0.1+cpu",
        "numpy_version": "1.21.2",
        "end_time_seconds": "1689841740"
    },
    "total": 682.2501058,
    "count": 1,
    "self": 0.013107399999967129,
    "children": {
        "run_training.setup": {
            "total": 0.11607300000000009,
            "count": 1,
            "self": 0.11607300000000009
        },
        "TrainerController.start_learning": {
            "total": 682.1209254,
            "count": 1,
            "self": 0.4433645000008255,
            "children": {
                "TrainerController._reset_env": {
                    "total": 6.9435334,
                    "count": 1,
                    "self": 6.9435334
                },
                "TrainerController.advance": {
                    "total": 674.6378265999991,
                    "count": 9322,
                    "self": 0.19528139999965788,
                    "children": {
                        "env_step": {
                            "total": 674.4425451999995,
                            "count": 9322,
                            "self": 602.7375194999926,
                            "children": {
                                "SubprocessEnvManager._take_step": {
                                    "total": 71.4717855000043,
                                    "count": 9322,
                                    "self": 0.9930215000043461,
                                    "children": {
                                        "TorchPolicy.evaluate": {
                                            "total": 70.47876399999996,
                                            "count": 4439,
                                            "self": 70.47876399999996
                                        }
                                    }
                                },
                                "workers": {
                                    "total": 0.23324020000258372,
                                    "count": 9321,
                                    "self": 0.0,
                                    "children": {
                                        "worker_root": {
                                            "total": 674.5845892000027,
                                            "count": 9321,
                                            "is_parallel": true,
                                            "self": 197.17699080000415,
                                            "children": {
                                                "steps_from_proto": {
                                                    "total": 0.003249999999999531,
                                                    "count": 1,
                                                    "is_parallel": true,