{
    "name": "root",
    "gauges": {
        "RunnerAgent.Policy.Entropy.mean": {
            "value": 0.963333785533905,
            "min": 0.963333785533905,
            "max": 0.963333785533905,
            "count": 1
        },
        "RunnerAgent.Policy.Entropy.sum": {
            "value": 10172.8046875,
            "min": 10172.8046875,
            "max": 10172.8046875,
            "count": 1
        },
        "RunnerAgent.Step.mean": {
            "value": 9978.0,
            "min": 9978.0,
            "max": 9978.0,
            "count": 1
        },
        "RunnerAgent.Step.sum": {
            "value": 9978.0,
            "min": 9978.0,
            "max": 9978.0,
            "count": 1
        },
        "RunnerAgent.Policy.ExtrinsicValueEstimate.mean": {
            "value": -2310.029541015625,
            "min": -2310.029541015625,
            "max": -2310.029541015625,
            "count": 1
        },
        "RunnerAgent.Policy.ExtrinsicValueEstimate.sum": {
            "value": -362674.65625,
            "min": -362674.65625,
            "max": -362674.65625,
            "count": 1
        },
        "RunnerAgent.Losses.PolicyLoss.mean": {
            "value": 0.25307469034847124,
            "min": 0.25307469034847124,
            "max": 0.25307469034847124,
            "count": 1
        },
        "RunnerAgent.Losses.PolicyLoss.sum": {
            "value": 5.061493806969425,
            "min": 5.061493806969425,
            "max": 5.061493806969425,
            "count": 1
        },
        "RunnerAgent.Losses.ValueLoss.mean": {
            "value": 396557.294792237,
            "min": 396557.294792237,
            "max": 396557.294792237,
            "count": 1
        },
        "RunnerAgent.Losses.ValueLoss.sum": {
            "value": 7931145.89584474,
            "min": 7931145.89584474,
            "max": 7931145.89584474,
            "count": 1
        },
        "RunnerAgent.Policy.LearningRate.mean": {
            "value": 0.00029633562122145996,
            "min": 0.00029633562122145996,
            "max": 0.00029633562122145996,
            "count": 1
        },
        "RunnerAgent.Policy.LearningRate.sum": {
            "value": 0.005926712424429199,
            "min": 0.005926712424429199,
            "max": 0.005926712424429199,
            "count": 1
        },
        "RunnerAgent.Policy.Epsilon.mean": {
            "value": 0.19877854,
            "min": 0.19877854,
            "max": 0.19877854,
            "count": 1
        },
        "RunnerAgent.Policy.Epsilon.sum": {
            "value": 3.9755708,
            "min": 3.9755708,
            "max": 3.9755708,
            "count": 1
        },
        "RunnerAgent.Policy.Beta.mean": {
            "value": 0.0005000000000000002,
            "min": 0.0005000000000000002,
            "max": 0.0005000000000000002,
            "count": 1
        },
        "RunnerAgent.Policy.Beta.sum": {
            "value": 0.010000000000000005,
            "min": 0.010000000000000005,
            "max": 0.010000000000000005,
            "count": 1
        },
        "RunnerAgent.Losses.PretrainingLoss.mean": {
            "value": 0.43120079396487065,
            "min": 0.43120079396487065,
            "max": 0.43120079396487065,
            "count": 1
        },
        "RunnerAgent.Losses.PretrainingLoss.sum": {
            "value": 8.624015879297414,
            "min": 8.624015879297414,
            "max": 8.624015879297414,
            "count": 1
        },
        "RunnerAgent.Environment.EpisodeLength.mean": {
            "value": 412.0,
            "min": 412.0,
            "max": 412.0,
            "count": 1
        },
        "RunnerAgent.Environment.EpisodeLength.sum": {
            "value": 824.0,
            "min": 824.0,
            "max": 824.0,
            "count": 1
        },
        "RunnerAgent.Environment.CumulativeReward.mean": {
            "value": -476.15577501803637,
            "min": -476.15577501803637,
            "max": -476.15577501803637,
            "count": 1
        },
        "RunnerAgent.Environment.CumulativeReward.sum": {
            "value": -952.3115500360727,
            "min": -952.3115500360727,
            "max": -952.3115500360727,
            "count": 1
        },
        "RunnerAgent.Policy.ExtrinsicReward.mean": {
            "value": -476.15577501803637,
            "min": -476.15577501803637,
            "max": -476.15577501803637,
            "count": 1
        },
        "RunnerAgent.Policy.ExtrinsicReward.sum": {
            "value": -952.3115500360727,
            "min": -952.3115500360727,
            "max": -952.3115500360727,
            "count": 1
        },
        "RunnerAgent.IsTraining.mean": {
            "value": 1.0,
            "min": 1.0,
            "max": 1.0,
            "count": 1
        },
        "RunnerAgent.IsTraining.sum": {
            "value": 1.0,
            "min": 1.0,
            "max": 1.0,
            "count": 1
        }
    },
    "metadata": {
        "timer_format_version": "0.1.0",
        "start_time_seconds": "1717585410",
        "python_version": "3.9.13 (tags/v3.9.13:6de2ca5, May 17 2022, 16:36:42) [MSC v.1929 64 bit (AMD64)]",
        "command_line_arguments": "C:\\Users\\usuario\\AppData\\Local\\Programs\\Python\\Python39\\Scripts\\mlagents-learn config/runnerAgentBC.yaml --run-id=AddingPhysics2",
        "mlagents_version": "0.30.0",
        "mlagents_envs_version": "0.30.0",
        "communication_protocol_version": "1.5.0",
        "pytorch_version": "2.3.0+cpu",
        "numpy_version": "1.21.2",
        "end_time_seconds": "1717585650"
    },
    "total": 240.010016,
    "count": 1,
    "self": 0.011116799999996374,
    "children": {
        "run_training.setup": {
            "total": 0.08868050000000016,
            "count": 1,
            "self": 0.08868050000000016
        },
        "TrainerController.start_learning": {
            "total": 239.9102187,
            "count": 1,
            "self": 0.03433900000055701,
            "children": {
                "TrainerController._reset_env": {
                    "total": 10.0054944,
                    "count": 1,
                    "self": 9.3611216,
                    "children": {
                        "demo_to_buffer": {
                            "total": 0.6443727999999993,
                            "count": 1,
                            "self": 5.010000000105208e-05,
                            "children": {
                                "load_demonstration": {
                                    "total": 0.010058599999998918,
                                    "count": 1,
                                    "self": 0.009844899999999157,
                                    "children": {
                                        "read_file": {
                                            "total": 0.0002136999999997613,
                                            "count": 1,
                                            "self": 0.0002136999999997613
                                        }
                                    }
                                },
                                "make_demo_buffer": {
                                    "total": 0.6342640999999993,
                                    "count": 1,
                                    "self": 0.08813920000000586,
                                    "children": {
                                        "steps_from_proto": {
                                            "total": 0.5461248999999935,
                                            "count": 3338,
                                            "self": 0.22800069999982675,
                                            "children": {
                                                "_process_rank_one_or_two_observation": {
                                                    "total": 0.3181242000001667,
                                                    "count": 20028,