{
    "name": "root",
    "gauges": {
        "MoveToGoal.Policy.Entropy.mean": {
            "value": 1.455149531364441,
            "min": 1.4413930177688599,
            "max": 1.477532148361206,
            "count": 100
        },
        "MoveToGoal.Policy.Entropy.sum": {
            "value": 72830.234375,
            "min": 71831.703125,
            "max": 74084.75,
            "count": 100
        },
        "MoveToGoal.Step.mean": {
            "value": 4999939.0,
            "min": 49995.0,
            "max": 4999939.0,
            "count": 100
        },
        "MoveToGoal.Step.sum": {
            "value": 4999939.0,
            "min": 49995.0,
            "max": 4999939.0,
            "count": 100
        },
        "MoveToGoal.Policy.ExtrinsicValueEstimate.mean": {
            "value": 0.8707079291343689,
            "min": -4.700984477996826,
            "max": 19.8646297454834,
            "count": 100
        },
        "MoveToGoal.Policy.ExtrinsicValueEstimate.sum": {
            "value": 691.3421020507812,
            "min": -3793.6943359375,
            "max": 16428.048828125,
            "count": 100
        },
        "MoveToGoal.Environment.EpisodeLength.mean": {
            "value": 1615.08,
            "min": 468.4597701149425,
            "max": 2756.8571428571427,
            "count": 100
        },
        "MoveToGoal.Environment.EpisodeLength.sum": {
            "value": 40377.0,
            "min": 23102.0,
            "max": 98404.0,
            "count": 100
        },
        "MoveToGoal.Environment.CumulativeReward.mean": {
            "value": -12.759982824325562,
            "min": -17.164279133081436,
            "max": 103.44348964742993,
            "count": 100
        },
        "MoveToGoal.Environment.CumulativeReward.sum": {
            "value": -318.99957060813904,
            "min": -1140.2996585220098,
            "max": 2379.200261890888,
            "count": 100
        },
        "MoveToGoal.Policy.ExtrinsicReward.mean": {
            "value": -12.759982824325562,
            "min": -17.164279133081436,
            "max": 103.44348964742993,
            "count": 100
        },
        "MoveToGoal.Policy.ExtrinsicReward.sum": {
            "value": -318.99957060813904,
            "min": -1140.2996585220098,
            "max": 2379.200261890888,
            "count": 100
        },
        "MoveToGoal.Losses.PolicyLoss.mean": {
            "value": 0.02525855234998744,
            "min": 0.019996235087358705,
            "max": 0.028009365630956986,
            "count": 100
        },
        "MoveToGoal.Losses.PolicyLoss.sum": {
            "value": 0.10103420939994975,
            "min": 0.08968610585822413,
            "max": 0.13594789262084914,
            "count": 100
        },
        "MoveToGoal.Losses.ValueLoss.mean": {
            "value": 116.1729295094808,
            "min": 30.73773861726125,
            "max": 342.70329588572184,
            "count": 100
        },
        "MoveToGoal.Losses.ValueLoss.sum": {
            "value": 464.6917180379232,
            "min": 122.950954469045,
            "max": 1713.5164794286093,
            "count": 100
        },
        "MoveToGoal.Policy.LearningRate.mean": {
            "value": 1.5053194982600014e-06,
            "min": 1.5053194982600014e-06,
            "max": 0.00029845657551447495,
            "count": 100
        },
        "MoveToGoal.Policy.LearningRate.sum": {
            "value": 6.021277993040006e-06,
            "min": 6.021277993040006e-06,
            "max": 0.0014784034271988597,
            "count": 100
        },
        "MoveToGoal.Policy.Epsilon.mean": {
            "value": 0.10050173999999998,
            "min": 0.10050173999999998,
            "max": 0.19948552500000005,
            "count": 100
        },
        "MoveToGoal.Policy.Epsilon.sum": {
            "value": 0.4020069599999999,
            "min": 0.4020069599999999,
            "max": 0.9928011399999999,
            "count": 100
        },
        "MoveToGoal.Policy.Beta.mean": {
            "value": 3.503682600000003e-05,
            "min": 3.503682600000003e-05,
            "max": 0.0049743276975,
            "count": 100
        },
        "MoveToGoal.Policy.Beta.sum": {
            "value": 0.0001401473040000001,
            "min": 0.0001401473040000001,
            "max": 0.024640776886,
            "count": 100
        },
        "MoveToGoal.IsTraining.mean": {
            "value": 1.0,
            "min": 1.0,
            "max": 1.0,
            "count": 100
        },
        "MoveToGoal.IsTraining.sum": {
            "value": 1.0,
            "min": 1.0,
            "max": 1.0,
            "count": 100
        }
    },
    "metadata": {
        "timer_format_version": "0.1.0",
        "start_time_seconds": "1689756516",
        "python_version": "3.9.13 (tags/v3.9.13:6de2ca5, May 17 2022, 16:36:42) [MSC v.1929 64 bit (AMD64)]",
        "command_line_arguments": "C:\\Users\\usuario\\Netcode Tests\\venv\\Scripts\\mlagents-learn results/Test3/configuration.yaml --initialize-from=Test3 --run-id=Test4 --force",
        "mlagents_version": "0.30.0",
        "mlagents_envs_version": "0.30.0",
        "communication_protocol_version": "1.5.0",
        "pytorch_version": "2.0.1+cpu",
        "numpy_version": "1.21.2",
        "end_time_seconds": "1689759670"
    },
    "total": 3154.1785368,
    "count": 1,
    "self": 0.01289600000018254,
    "children": {
        "run_training.setup": {
            "total": 0.10922160000000014,
            "count": 1,
            "self": 0.10922160000000014
        },
        "TrainerController.start_learning": {
            "total": 3154.0564191999997,
            "count": 1,
            "self": 5.777913000071294,
            "children": {
                "TrainerController._reset_env": {
                    "total": 7.733358000000001,
                    "count": 1,
                    "self": 7.733358000000001
                },
                "TrainerController.advance": {
                    "total": 3140.4801276999283,
                    "count": 192339,
                    "self": 4.804396199843268,
                    "children": {
                        "env_step": {
                            "total": 1799.3888805000192,
                            "count": 192339,
                            "self": 1602.1983460001268,
                            "children": {
                                "SubprocessEnvManager._take_step": {
                                    "total": 193.72502209992373,
                                    "count": 192339,
                                    "self": 16.217573799964185,
                                    "children": {
                                        "TorchPolicy.evaluate": {
                                            "total": 177.50744829995955,
                                            "count": 192339,
                                            "self": 177.50744829995955
                                        }
                                    }
                                },
                                "workers": {
                                    "total": 3.4655123999687643,
                                    "count": 192339,
                                    "self": 0.0,
                                    "children": {
                                        "worker_root": {
                                            "total": 3140.359043999986,
                                            "count": 192339,
                                            "is_parallel": true,
                                            "self": 1919.113685699936,
                                            "children": {
                                                "steps_from_proto": {
                                                    "total": 0.000825899999999713,
                                                    "count": 1,